X,Y
0.653323,-0.00024669
0.703466,-0.000279688
0.751912,-0.00030824
0.802066,-0.000312395
0.851712,-0.00030858
0.901615,-0.000296087
0.951472,-0.000278793
1.00136,-0.000255835
1.05126,-0.000229046
1.10118,-0.000200705
1.15111,-0.000171957
1.20105,-0.000143475
1.25101,-0.000115525
1.30196,-8.89248e-05
1.3504,-6.58461e-05
1.40101,-4.38227e-05
1.45183,-2.4329e-05
1.50123,-8.22877e-06
1.55026,5.0633e-06
1.60051,1.60413e-05
1.65047,2.44894e-05
1.70053,3.07384e-05
1.75055,3.49139e-05
1.80058,3.73052e-05
1.85059,3.83868e-05
1.89561,3.82183e-05
1.95353,3.81979e-05
2.00302,3.55698e-05
2.05274,3.24724e-05
2.10244,2.90884e-05
2.15222,2.56044e-05
2.20195,2.20124e-05
2.25181,1.85401e-05
2.30215,1.51421e-05
2.35178,1.19922e-05
2.40112,9.04244e-06
2.45115,6.30497e-06
2.50106,3.87631e-06
2.55203,1.764e-06
2.6006,1.18231e-07
2.6511,-1.30044e-06
2.70078,-2.40704e-06
2.75091,-3.22307e-06
2.80082,-3.79996e-06
2.85083,-4.14246e-06
2.9008,-4.26537e-06
2.95079,-4.22971e-06
3.00078,-4.0807e-06
3.05077,-3.82399e-06
3.10177,-3.49913e-06
3.15027,-3.09074e-06
3.20109,-2.66682e-06
3.25077,-2.24793e-06
3.3009,-1.81049e-06
3.35084,-1.40328e-06
3.40184,-1.00874e-06
3.45182,-6.26191e-07
3.50011,-2.6386e-07
3.55125,1.34526e-07
3.60059,3.54273e-07
3.65088,6.73603e-07
3.7007,8.6851e-07
3.74578,1.02375e-06
3.80316,2.64364e-06
3.85195,2.34998e-06
3.90195,4.11626e-07
3.95171,-3.37456e-07
4.00158,-8.59004e-07
4.05144,-1.24924e-06
4.10132,-1.4833e-06
4.15122,-1.61647e-06
4.20116,-1.65491e-06
4.25109,-1.60819e-06
4.30105,-1.50454e-06
4.35098,-1.36488e-06
4.40095,-1.19591e-06
4.45092,-1.01631e-06
4.50089,-8.63728e-07
4.55086,-6.80312e-07
4.60084,-4.70944e-07
4.65082,-2.5611e-07
4.70081,-6.815e-08
4.75079,9.37299e-08
4.80227,2.66438e-07
4.84494,3.36993e-07
4.90162,1.61048e-06
4.94778,3.2679e-06
4.99841,1.72754e-05
5.04879,7.71527e-06
5.10003,5.71262e-06
5.14883,6.64707e-06
5.20012,7.13527e-06
5.24917,7.37782e-06
5.30002,7.41562e-06
5.35078,7.28272e-06
5.39963,6.99026e-06
5.45037,6.57282e-06
5.50017,6.09041e-06
5.5503,5.511e-06
5.6003,4.92228e-06
5.65039,4.29904e-06
5.70042,3.69804e-06
5.75047,3.16691e-06
5.8005,2.6436e-06
5.85053,2.13489e-06
5.90055,1.69654e-06
5.95058,1.29882e-06
6.00059,9.55583e-07
6.05111,6.56268e-07
6.10143,3.98614e-07
6.15123,2.09185e-07
6.20021,8.73046e-08
6.25075,-1.53817e-08
6.30056,-1.01936e-07
6.35062,-1.28165e-07
6.40212,-1.50151e-07
6.45015,-1.15956e-07
6.49595,-9.53069e-08
6.55176,1.20619e-06
6.60117,2.25705e-06
6.65116,1.44487e-06
6.70107,7.54015e-07
6.75103,1.73708e-07
6.80098,-2.81146e-07
6.85094,-6.29244e-07
6.9009,-8.69753e-07
6.95087,-1.00734e-06
7.00085,-1.07446e-06
7.05083,-1.07781e-06
7.10082,-1.01396e-06
7.1508,-9.25185e-07
7.20079,-8.0398e-07
7.25078,-6.80686e-07
7.30176,-5.42057e-07
7.35028,2.5474e-06
7.40092,4.72252e-06
7.45066,5.9351e-06
7.50075,6.91496e-06
7.55084,7.41087e-06
7.60087,7.78986e-06
7.65137,8.02094e-06
7.70151,8.11784e-06
7.75128,8.07918e-06
7.80018,7.96827e-06
7.84923,2.21971e-05
7.89747,4.77652e-05
7.94636,-1.39831e-05
7.99535,-2.87151e-05
8.04461,-2.79884e-05
8.09382,-2.79052e-05
8.14321,-2.71893e-05
8.19255,-2.62831e-05
8.2421,-2.61277e-05
8.29171,-2.36082e-05
8.34236,-2.82036e-05
8.39059,-1.46568e-05
8.44182,-1.98204e-05
8.48964,2.95597e-05
8.53806,3.35822e-05
8.59064,3.47666e-05
8.63986,3.40632e-05
8.69017,3.27697e-05
8.73999,3.13165e-05
8.78998,2.94559e-05
8.83993,2.7276e-05
8.88986,2.49775e-05
8.93985,2.26149e-05
8.98982,2.03698e-05
9.03978,1.8223e-05
9.08974,1.62323e-05
9.13972,1.44084e-05
9.18724,1.28092e-05
9.2412,1.11338e-05
9.28988,4.67297e-05
9.34027,3.98471e-05
9.38997,2.93858e-05
9.44048,2.64381e-05
9.48962,1.8055e-05
9.53984,1.16534e-05
9.58967,4.53428e-06
9.63965,-1.55911e-06
9.68959,-6.99227e-06
9.73957,-1.0609e-05
9.78953,-1.14071e-05
9.83951,-1.23611e-05
9.88948,-1.3217e-05
9.93945,-1.30528e-05
9.98944,-1.20938e-05
10.0394,-1.07152e-05
10.0894,-9.05537e-06
10.1404,-2.67159e-07
10.1889,-4.59333e-06
10.239,-2.16328e-05
10.2891,-3.2341e-05
10.3392,-2.768e-05
10.3892,-2.27021e-05
10.4398,-1.77714e-05
10.4896,-1.32122e-05
10.5392,-8.6451e-06
10.5894,-4.36861e-06
10.6394,-5.48374e-07
10.6895,2.97778e-06
10.7395,6.16713e-06
10.7895,8.97393e-06
10.8395,1.1382e-05
10.8895,1.34228e-05
10.9405,1.50259e-05
10.99,1.64951e-05
11.0406,1.71893e-05
11.0887,-1.65014e-05
11.1395,-1.55905e-05
11.1892,-3.14457e-05
11.2393,-3.49925e-05
11.2893,-3.79938e-05
11.3393,-3.92584e-05
11.3893,-3.80979e-05
11.4393,-3.7372e-05
11.4893,-3.44042e-05
11.5393,-3.00021e-05
11.5893,-2.67526e-05
11.6393,-2.38536e-05
11.6898,-2.29315e-05
11.7391,-1.49062e-05
11.7894,-1.0569e-05
11.8393,-4.72163e-06
11.8898,-3.05358e-06
11.9391,4.01322e-05
11.9895,4.95511e-05
12.0394,5.17853e-05
12.0895,5.27922e-05
12.1395,5.25123e-05
12.1895,5.11742e-05
12.2395,4.91506e-05
12.2895,4.66915e-05
12.3405,4.42651e-05
12.3891,4.13142e-05
12.4397,3.76056e-05
12.4895,3.38548e-05
12.5396,3.00508e-05
12.5896,2.63829e-05
12.6396,2.28604e-05
12.6896,1.97539e-05
12.7396,1.68912e-05
12.7871,1.45358e-05
12.8411,1.16554e-05
12.8904,9.1906e-06
12.9405,7.23522e-06
12.9903,5.37944e-06
13.0403,4.0951e-06
13.0902,3.16714e-06
13.1406,2.53278e-06
13.1899,2.11332e-06
13.2402,1.86268e-06
13.29,1.75438e-06
13.34,1.8677e-06
13.3899,2.14478e-06
13.4399,2.4456e-06
13.4908,2.88269e-06
13.5402,3.72262e-06
13.5904,-2.7407e-05
13.6401,-3.74932e-05
13.6891,-2.66605e-05
13.7404,-2.82245e-05
13.7889,-1.29854e-05
13.8395,1.40572e-05
13.8908,3.28483e-05
13.9385,4.77969e-05
13.9897,3.14733e-05
14.0392,7.61469e-06
14.0895,4.04812e-06
14.1394,5.53044e-06
14.1894,7.85615e-06
14.2394,1.02942e-05
14.2894,1.21884e-05
14.3394,1.38341e-05
14.3894,1.50658e-05
14.4394,1.48212e-05
14.4893,1.63917e-05
14.5393,1.69678e-05
14.5893,1.71101e-05
14.6398,1.4239e-05
14.6895,1.45112e-05
14.7396,1.57314e-05
14.7895,1.65383e-05
14.84,1.35245e-05
14.8897,1.36469e-05
14.9397,1.48142e-05
14.9887,2.26273e-05
15.0391,2.5382e-05
15.089,2.40586e-05
15.1391,2.50691e-05
15.1891,2.50717e-05
15.2392,2.50441e-05
15.2892,2.51847e-05
15.3392,2.49119e-05
15.3882,-3.88153e-06
15.4402,2.29208e-05
15.4895,2.76405e-05
15.5398,6.64858e-05
15.5897,7.65231e-05
15.6398,7.82279e-05
15.6907,7.90387e-05
15.7375,7.77607e-05
15.7914,9.86876e-05
15.84,6.9445e-05
15.8914,5.10175e-05
15.9405,-1.14747e-05
15.9896,-2.0115e-05
16.0398,-2.97123e-05
16.0897,-3.56637e-05
16.1397,-3.98179e-05
16.1896,-4.20985e-05
16.2396,-4.25836e-05
16.2895,-4.19074e-05
16.3395,-3.98451e-05
16.3905,-4.36328e-05
16.44,-4.00063e-05
16.4901,-3.82814e-05
16.5389,-2.70411e-05
16.5894,-2.38179e-05
16.6392,-2.26244e-05
16.6893,-1.79721e-05
16.7392,-1.36033e-05
16.7893,-1.0219e-05
16.8393,-7.43749e-06
16.8893,-3.46162e-06
16.9393,1.37474e-06
16.9893,5.52535e-06
17.0393,9.24059e-06
17.0893,1.24318e-05
17.1393,1.58245e-05
17.1893,1.94455e-05
17.2403,1.50187e-05
17.2847,1.93114e-05
17.3397,1.99447e-05
17.3884,6.69085e-05
17.4392,7.93713e-05
17.4891,8.34612e-05
17.5392,8.57597e-05
17.5893,8.55896e-05
17.6394,8.37088e-05
17.6894,8.0398e-05
17.7394,7.60322e-05
17.7895,7.08354e-05
17.8395,6.49706e-05
17.8895,5.839e-05
17.9395,5.1724e-05
17.9895,4.49535e-05
18.0395,3.83659e-05
18.0895,3.21603e-05
18.14,2.63797e-05
18.1892,2.11745e-05
18.236,1.65786e-05
18.2905,1.14772e-05
18.3404,5.08961e-06
18.3903,-2.93511e-07
18.4403,-4.86372e-06
18.4901,-8.40555e-06
18.5411,-1.10396e-05
18.5906,-1.23597e-05
18.6396,-1.33514e-05
18.6898,-1.3907e-05
18.7397,-1.37921e-05
18.7897,-1.30899e-05
18.8397,-1.19622e-05
18.8897,-1.05353e-05
18.9397,-8.9466e-06
18.9897,-7.08396e-06
19.0397,-5.15515e-06
19.0897,-3.09205e-06
19.1397,-1.07279e-06
19.1897,8.7325e-07
19.2397,2.65953e-06
19.2897,4.29894e-06
19.3396,5.83402e-06
19.3896,7.22023e-06
19.4406,8.4708e-06
19.4891,9.92574e-06
19.5397,4.16488e-05
19.5895,4.88177e-05
19.6395,4.5339e-05
19.6844,4.19417e-05
19.7364,3.34013e-05
19.7914,-1.39593e-05
19.8358,3.41517e-05
19.8707,8.09819e-05
19.898,2.80721e-05
19.9209,5.49827e-05
19.9365,2.5258e-05
19.9469,6.50991e-05
19.9561,7.9568e-05
19.9648,9.84783e-05
19.971,9.30417e-05
19.9752,8.9362e-05
19.9776,0.000115721
19.9773,0.000127817
19.9769,0.000126106
19.9766,0.000127914
19.9762,0.00013308
19.9759,0.000145515
19.9755,0.000133268
19.9751,0.000135061
19.9748,0.000136855
19.9744,0.00013865
19.974,0.000140442
19.9737,0.000142235
19.9733,0.000144028
19.973,0.000152902
19.9726,0.000154693
19.9722,0.000156483
19.9719,0.000151196
19.9715,0.000152986
19.9712,0.000154778
19.9708,0.00015657
19.9704,0.000158369
19.9701,0.000160152
19.9697,0.000161944
19.9694,0.000163736
19.969,0.000165527
19.9686,0.000174377
19.9683,0.000169102
19.9679,0.000170892
19.9676,0.000179741
19.9672,0.000181531
19.9668,0.000176255
19.9665,0.000178043
19.9661,0.00017983
19.9658,0.000181616
19.9654,0.000183403
19.965,0.000185189
19.9647,0.000186974
19.9643,0.000188758
19.964,0.000190543
19.9636,0.000192328
19.9632,0.00019764
19.9629,0.000195894
19.9625,0.000197677
19.9622,0.000199459
19.9618,0.000201241
19.9614,0.000203022
19.9611,0.000204804
19.9607,0.000206584
19.9604,0.000218763
19.96,0.000213669
19.9596,0.000218973
19.9593,0.000213699
19.9589,0.000232928
19.9585,0.000217255
19.9582,0.000222558
19.9578,0.000220808
19.9575,0.000222584
19.9571,0.000231409
19.9567,0.000233184
19.9564,0.000227908
19.956,0.000229682
19.9557,0.000231456
19.9553,0.000233228
19.9549,0.000235001
19.9546,0.000236773
19.9542,0.000238544
19.9539,0.000240315
19.9535,0.000242085
19.9531,0.000247379
19.9528,0.000256198
19.9524,0.000247393
19.9521,0.00024916
19.9517,0.000250928
19.9513,0.000252695
19.951,0.000254462
19.9506,0.000259751
19.9503,0.000257993
19.9499,0.000259758
19.9495,0.000261522
19.9492,0.000270334
19.9488,0.000265049
19.9485,0.000266812
19.9481,0.000268574
19.9477,0.000270336
19.9474,0.000275622
19.947,0.000277382
19.9466,0.000275618
19.9463,0.000277377
19.9459,0.000279136
19.9456,0.000280895
19.9452,0.000282477
19.9448,0.00028441
19.9445,0.000286167
19.9441,0.000287923
19.9438,0.000289679
19.9434,0.000291434
19.943,0.000293189
19.9427,0.000294943
19.9423,0.000303744
19.942,0.000298449
19.9416,0.000300202
19.9412,0.000301953
19.9409,0.000303705
19.9405,0.000305456
19.9401,0.000317778
19.9398,0.000319353
19.9394,0.000310705
19.9391,0.000312454
19.9387,0.000314202
19.9384,0.00031595
19.938,0.00032122
19.9376,0.000319443
19.9373,0.000321189
19.9369,0.000322934
19.9366,0.000324678
19.9362,0.000326423
19.9358,0.000338737
19.9355,0.000329909
19.9351,0.000331652
19.9347,0.000333394
19.9344,0.000338659
19.934,0.000336876
19.9337,0.000345664
19.9333,0.000340356
19.9329,0.000342095
19.9326,0.000343834
19.9322,0.000345572
19.9319,0.00034731
19.9315,0.000349046
19.9311,0.000361354
19.9308,0.000352518
19.9304,0.000354254
19.9301,0.000355988
19.9297,0.000357723
19.9293,0.000359456
19.929,0.000361189
19.9286,0.000369969
19.9283,0.000364654
19.9279,0.000366385
19.9275,0.000368115
19.9272,0.000369846
19.9268,0.000371575
19.9265,0.000373304
19.9261,0.000385604
19.9257,0.000376761
19.9254,0.000378488
19.925,0.000380215
19.9247,0.000381941
19.9243,0.000383666
19.9239,0.000385391
19.9236,0.000387116
19.9232,0.00038884
19.9229,0.000390564
19.9225,0.000392286
19.9221,0.000404579
19.9218,0.00039573
19.9214,0.000397451
19.921,0.000399171
19.9207,0.000400891
19.9203,0.000402611
19.92,0.000404329
19.9196,0.000406048
19.9192,0.000407765
19.9189,0.000409482
19.9185,0.000414722
19.9182,0.000412915
19.9178,0.00041463
19.9174,0.000416345
19.9171,0.000418059
19.9167,0.000419772
19.9164,0.000421485
19.916,0.000423198
19.9157,0.000424739
19.9153,0.000433668
19.9149,0.000428332
19.9146,0.000430042
19.9142,0.000431751
19.9138,0.00043346
19.9135,0.000435169
19.9131,0.000443923
19.9127,0.000445631
19.9124,0.00044029
19.912,0.000441996
19.9117,0.000443702
19.9113,0.00044893
19.911,0.000447111
19.9106,0.000448815
19.9102,0.000450517
19.9099,0.00045222
19.9095,0.000453922
19.9092,0.000455623
19.9088,0.000457324
19.9084,0.000459024
19.9081,0.000460724
19.9077,0.000462423
19.9073,0.000467645
19.907,0.000469342
19.9066,0.000467516
19.9063,0.000469213
19.9059,0.000470909
19.9055,0.000472605
19.9052,0.000477823
19.9048,0.00048304
19.9045,0.000477687
19.9041,0.00047938
19.9037,0.000481073
19.9034,0.000482765
19.903,0.00048798
19.9027,0.000493194
19.9023,0.000487837
19.902,0.000489358
19.9016,0.000491215
19.9012,0.000492904
19.9009,0.000494591
19.9005,0.000496278
19.9001,0.000505011
19.8998,0.000499651
19.8994,0.000501336
19.8991,0.000520469
19.8987,0.000504705
19.8983,0.000506389
19.898,0.000515118
19.8976,0.000520324
19.8973,0.000511436
19.8969,0.000513117
19.8965,0.000514798
19.8962,0.000516478
19.8958,0.000518157
19.8955,0.000519836
19.8951,0.000521514
19.8947,0.000523191
19.8944,0.000524868
19.894,0.000526545
19.8936,0.000528221
19.8933,0.000529896
19.8929,0.00053157
19.8926,0.000533244
19.8922,0.000538441
19.8918,0.000540113
19.8915,0.000538261
19.8911,0.000539933
19.8908,0.000541605
19.8904,0.000543274
19.89,0.000548467
19.8897,0.000553659
19.8893,0.000548282
19.889,0.000553473
19.8886,0.000555139
19.8882,0.000553283
19.8879,0.000554949
19.8875,0.000556614
19.8872,0.000561802
19.8868,0.000559944
19.8864,0.000561607
19.8861,0.00056327
19.8857,0.000564932
19.8854,0.000566594
19.885,0.000578824
19.8846,0.000569915
19.8843,0.000571575
19.8839,0.000573234
19.8836,0.000574893
19.8832,0.000576551
19.8828,0.000578208
19.8825,0.000583387
19.8821,0.000581521
19.8818,0.000583177
19.8814,0.000584832
19.881,0.000590008
19.8807,0.000595185
19.8803,0.000596838
19.8799,0.000591445
19.8796,0.000593097
19.8792,0.000594748
19.8789,0.000596398
19.8785,0.000601571
19.8781,0.000599697
19.8778,0.000601347
19.8774,0.000602994
19.8771,0.000604641
19.8767,0.000606288
19.8763,0.000607934
19.876,0.000609579
19.8756,0.000611224
19.8753,0.000612869
19.8749,0.000614512
19.8746,0.000615991
19.8742,0.000617798
19.8738,0.00061944
19.8735,0.000621081
19.8731,0.000622722
19.8727,0.000631407
19.8724,0.000633046
19.872,0.000627639
19.8717,0.000629277
19.8713,0.000630913
19.8709,0.000632551
19.8706,0.000634187
19.8702,0.000635822
19.8699,0.000637457
19.8695,0.000639091
19.8691,0.000644249
19.8688,0.000642195
19.8684,0.000643991
19.8681,0.000645623
19.8677,0.000650775
19.8673,0.000648883
19.867,0.000650513
19.8666,0.000652141
19.8662,0.000653771
19.8659,0.000655399
19.8655,0.000660547
19.8652,0.000658652
19.8648,0.000660278
19.8644,0.000661902
19.8641,0.000663527
19.8637,0.000668674
19.8634,0.000670296
19.863,0.000671919
19.8626,0.000680586
19.8623,0.00067164
19.862,0.0006731
19.8616,0.000674881
19.8612,0.000676501
19.8608,0.000681643
19.8605,0.000679737
19.8601,0.000681354
19.8598,0.000682972
19.8594,0.000684587
19.859,0.000686204
19.8587,0.000694863
19.8583,0.000689433
19.858,0.000691046
19.8576,0.000692659
19.8572,0.000694272
19.8569,0.000695883
19.8565,0.000697494
19.8562,0.000699105
19.8558,0.000700714
19.8554,0.000702323
19.8551,0.000703933
19.8547,0.000705537
19.8543,0.000710668
19.854,0.000708752
19.8536,0.000710358
19.8533,0.000719008
19.8529,0.000713568
19.8525,0.000715171
19.8522,0.000716774
19.8518,0.000718377
19.8515,0.000719979
19.8511,0.000721581
19.8507,0.000726703
19.8504,0.000724779
19.85,0.000726379
19.8497,0.000727978
19.8493,0.000729575
19.8489,0.000731173
19.8486,0.000743336
19.8482,0.000734365
19.8479,0.000735959
19.8475,0.000741078
19.8472,0.000738989
19.8468,0.000740742
19.8464,0.000742334
19.8461,0.000743926
19.8457,0.00074904
19.8453,0.000754152
19.845,0.000748698
19.8446,0.000750286
19.8443,0.000751875
19.8439,0.000760507
19.8435,0.000783067
19.8432,0.000756638
19.8428,0.000761745
19.8425,0.000759807
19.8421,0.000761392
19.8417,0.000762977
19.8414,0.000782013
19.841,0.000766142
19.8406,0.000767724
19.8403,0.000769305
19.84,0.000770728
19.8396,0.000772465
19.8392,0.000777568
19.8388,0.000775623
19.8385,0.0007772
19.8381,0.000778776
19.8378,0.000804851
19.8374,0.000788973
19.837,0.000790548
19.8367,0.000792122
19.8364,0.000793541
19.836,0.000798792
19.8356,0.000789797
19.8352,0.00079137
19.8349,0.000792941
19.8345,0.00079451
19.8342,0.000796081
19.8338,0.00079765
19.8335,0.00079906
19.8331,0.000804306
19.8327,0.000802352
19.8324,0.000803919
19.832,0.000815893
19.8317,0.000824501
19.8313,0.000808614
19.8309,0.000810176
19.8306,0.000811739
19.8302,0.000820345
19.8298,0.000814863
19.8295,0.000816423
19.8291,0.000817982
19.8288,0.000819543
19.8284,0.000824467
19.828,0.000822659
19.8277,0.000824216
19.8273,0.000825773
19.8269,0.000827328
19.8266,0.000828884
19.8262,0.00083396
19.8259,0.000831993
19.8255,0.000833546
19.8251,0.000835099
19.8248,0.000836649
19.8244,0.000838198
19.8241,0.000857203
19.8237,0.000841299
19.8233,0.000842849
19.823,0.000844398
19.8226,0.000845946
19.8223,0.000847492
19.8219,0.000852558
19.8215,0.000850584
19.8212,0.000852128
19.8208,0.000853671
19.8205,0.000858737
19.8201,0.000856758
19.8197,0.000858301
19.8194,0.000859843
19.819,0.000861382
19.8187,0.000862922
19.8183,0.00086446
19.8179,0.000865999
19.8176,0.000867536
19.8172,0.000869074
19.8169,0.000870608
19.8165,0.000872145
19.8161,0.000877199
19.8158,0.000882259
19.8154,0.00088379
19.8151,0.000878282
19.8147,0.000879813
19.8143,0.000881345
19.814,0.000882874
19.8136,0.000887925
19.8132,0.000892978
19.8129,0.000887463
19.8125,0.000892512
19.8122,0.000901081
19.8118,0.000892042
19.8114,0.000897092
19.8111,0.000895095
19.8107,0.000896618
19.8104,0.000898141
19.81,0.000899664
19.8096,0.000901186
19.8093,0.000902708
19.8089,0.000904228
19.8086,0.000905747
19.8082,0.00091079
19.8078,0.000908784
19.8075,0.000910305
19.8071,0.000922382
19.8068,0.000913338
19.8064,0.000914854
19.806,0.000916368
19.8057,0.000917881
19.8053,0.000919395
19.805,0.000920906
19.8046,0.000922419
19.8042,0.00092393
19.8039,0.000925442
19.8035,0.000926951
19.8032,0.000928461
19.8028,0.000937013
19.8024,0.00093852
19.8021,0.000932984
19.8017,0.00093449
19.8014,0.000935993
19.801,0.000937497
19.8006,0.000939003
19.8003,0.000940506
19.7999,0.000942008
19.7996,0.000960968
19.7992,0.000945013
19.7988,0.000946509
19.7985,0.000951532
19.7981,0.000949511
19.7977,0.00095101
19.7974,0.000952506
19.797,0.000954004
19.7967,0.000955497
19.7963,0.000977968
19.7959,0.000958488
19.7956,0.00095998
19.7952,0.000961475
19.7949,0.000962966
19.7945,0.000964459
19.7941,0.000965949
19.7938,0.00097096
19.7934,0.000972449
19.7931,0.000970417
19.7927,0.000971904
19.7923,0.000973392
19.792,0.000974877
19.7916,0.000976363
19.7913,0.000977849
19.7909,0.000982855
19.7905,0.000984338
19.7902,0.000989342
19.7898,0.000990822
19.7894,0.000992302
19.7891,0.000986741
19.7887,0.000988221
19.7884,0.000989699
19.788,0.000991178
19.7876,0.000996179
19.7873,0.000994131
19.7869,0.000995609
19.7866,0.000997082
19.7862,0.000998558
19.7858,0.00100003
19.7855,0.00100502
19.7851,0.0010065
19.7848,0.00100445
19.7844,0.00100944
19.784,0.00101091
19.7837,0.00100886
19.7833,0.00102089
19.783,0.00101179
19.7826,0.00101326
19.7822,0.00101472
19.7819,0.00101619
19.7815,0.00101766
19.7812,0.00101912
19.7808,0.00102058
19.7804,0.00102204
19.7801,0.00102703
19.7797,0.00102849
19.7794,0.00102643
19.779,0.00102789
19.7786,0.00103639
19.7783,0.00103784
19.7779,0.00103226
19.7776,0.00103371
19.7772,0.00103517
19.7768,0.00103662
19.7765,0.00103808
19.7761,0.00104305
19.7758,0.00104098
19.7754,0.00104244
19.775,0.00104389
19.7747,0.00104533
19.7743,0.00104679
19.774,0.00104823
19.7736,0.00104968
19.7732,0.00105113
19.7729,0.00105258
19.7725,0.00105402
19.7721,0.00105547
19.7718,0.00105691
19.7714,0.00105835
19.7711,0.00106331
19.7707,0.00106828
19.7703,0.00106268
19.77,0.00106412
19.7696,0.00106555
19.7693,0.00106699
19.7689,0.00106843
19.7685,0.00106987
19.7682,0.0010713
19.7678,0.00107626
19.7675,0.00107417
19.7671,0.00107561
19.7667,0.00107704
19.7664,0.00107847
19.766,0.00107991
19.7657,0.00108134
19.7653,0.00108277
19.7649,0.00108419
19.7646,0.00108562
19.7642,0.00111155
19.7639,0.00108848
19.7635,0.0010899
19.7631,0.00109133
19.7628,0.00109275
19.7624,0.00109418
19.7621,0.0010956
19.7617,0.00109702
19.7613,0.00109844
19.761,0.00109986
19.7606,0.00113282
19.7603,0.0011027
19.7599,0.00111116
19.7595,0.00111258
19.7592,0.00110695
19.7588,0.00110837
19.7584,0.00110978
19.7581,0.0011112
19.7577,0.00111261
19.7574,0.00111402
19.757,0.00111544
19.7566,0.00111684
19.7563,0.00111825
19.7559,0.00111966
19.7556,0.00112107
19.7552,0.00112248
19.7548,0.00112389
19.7545,0.00113586
19.7541,0.0011267
19.7538,0.00113162
19.7534,0.00112951
19.753,0.00113091
19.7527,0.00113231
19.7523,0.00113371
19.752,0.00113512
19.7516,0.00114355
19.7512,0.00114495
19.7509,0.00113931
19.7505,0.00114071
19.7502,0.0011421
19.7498,0.0011435
19.7494,0.00114489
19.7491,0.00114629
19.7487,0.00114768
19.7484,0.00114908
19.748,0.00115046
19.7476,0.00115185
19.7473,0.00115324
19.7469,0.00115463
19.7466,0.00115588
19.7462,0.00116093
19.7459,0.00116218
19.7455,0.00116018
19.7451,0.00116157
19.7447,0.00116295
19.7444,0.00116434
19.744,0.00116572
19.7437,0.00117414
19.7433,0.00117552
19.7429,0.00116986
19.7426,0.00117124
19.7422,0.00117262
19.7419,0.001174
19.7415,0.00117537
19.7411,0.00117675
19.7408,0.00118517
19.7404,0.0011795
19.7401,0.00118087
19.7397,0.00118225
19.7393,0.00118714
19.739,0.00118499
19.7386,0.00118636
19.7383,0.00118773
19.7379,0.00118909
19.7375,0.00119047
19.7372,0.00119536
19.7368,0.00120024
19.7364,0.00120161
19.7361,0.00119593
19.7357,0.00119729
19.7354,0.00119866
19.735,0.00120002
19.7347,0.00120138
19.7343,0.00120626
19.7339,0.0012041
19.7336,0.00120532
19.7332,0.00121034
19.7328,0.00120817
19.7325,0.00120953
19.7321,0.00121088
19.7318,0.00121224
19.7314,0.00121359
19.731,0.00121495
19.7307,0.0012163
19.7303,0.00121765
19.73,0.00122251
19.7296,0.00122034
19.7292,0.00122169
19.7289,0.00122304
19.7285,0.00122439
19.7282,0.00122573
19.7278,0.00122708
19.7274,0.00123194
19.7271,0.00122977
19.7267,0.00123111
19.7264,0.00123245
19.726,0.00123379
19.7256,0.00123513
19.7253,0.00123648
19.7249,0.00123781
19.7246,0.00123915
19.7242,0.00124049
19.7238,0.00124534
19.7235,0.00124316
19.7231,0.00124449
19.7228,0.00124583
19.7224,0.00124716
19.722,0.00124849
19.7217,0.00124969
19.7213,0.00125115
19.721,0.00125248
19.7206,0.00125381
19.7202,0.00125513
19.7199,0.00125646
19.7195,0.00125779
19.7191,0.00126263
19.7188,0.00126044
19.7184,0.00126176
19.7181,0.00126308
19.7177,0.0012644
19.7173,0.00126572
19.717,0.00127056
19.7166,0.00127188
19.7163,0.00126968
19.7159,0.001271
19.7155,0.00127231
19.7152,0.00127363
19.7148,0.00127494
19.7145,0.00128316
19.7141,0.00128461
19.7137,0.00128592
19.7134,0.00128019
19.713,0.0012815
19.7127,0.00128281
19.7123,0.00128412
19.7119,0.00128542
19.7116,0.00128673
19.7112,0.00128804
19.7109,0.00128934
19.7105,0.00129064
19.7101,0.00129195
19.7098,0.00129325
19.7094,0.00129455
19.7091,0.00129586
19.7087,0.00129716
19.7083,0.00129845
19.708,0.00129975
19.7076,0.00130104
19.7072,0.00130938
19.7069,0.00130364
19.7065,0.00130493
19.7062,0.00131327
19.7058,0.00130752
19.7054,0.00130881
19.7051,0.0013101
19.7047,0.00131138
19.7044,0.00131267
19.704,0.00131396
19.7036,0.00131525
19.7033,0.00131654
19.7029,0.00131782
19.7026,0.00131911
19.7022,0.0013204
19.7018,0.00132168
19.7015,0.00132296
19.7011,0.00132423
19.7008,0.00132552
19.7004,0.0013268
19.7,0.00132808
19.6997,0.00133287
19.6993,0.00133415
19.699,0.00133894
19.6986,0.00134022
19.6982,0.00133446
19.6979,0.00133573
19.6975,0.001337
19.6972,0.00133827
19.6968,0.00133942
19.6964,0.00134785
19.6961,0.00134912
19.6957,0.00135039
19.6954,0.00134462
19.695,0.00134588
19.6946,0.00134714
19.6943,0.00134828
19.6939,0.00134967
19.6936,0.00135093
19.6932,0.0013522
19.6928,0.00135697
19.6925,0.00135471
19.6921,0.00135597
19.6918,0.00135711
19.6914,0.00135848
19.691,0.00135974
19.6907,0.00136803
19.6903,0.00136225
19.6899,0.0013635
19.6896,0.00136476
19.6892,0.00136601
19.6889,0.00137078
19.6885,0.00136851
19.6881,0.00136976
19.6878,0.00137101
19.6874,0.00137577
19.6871,0.00138053
19.6867,0.00137474
19.6863,0.00137598
19.686,0.00137723
19.6856,0.00137847
19.6853,0.00137971
19.6849,0.00138447
19.6845,0.00138219
19.6842,0.00138331
19.6838,0.00138818
19.6834,0.00139294
19.6831,0.00138713
19.6827,0.00138837
19.6824,0.00138948
19.682,0.00139436
19.6816,0.00139911
19.6813,0.00140034
19.6809,0.00139453
19.6806,0.00139576
19.6802,0.00139699
19.6799,0.00139822
19.6795,0.00140296
19.6791,0.00140067
19.6788,0.0014019
19.6784,0.00140312
19.678,0.00140786
19.6777,0.00140556
19.6773,0.00141382
19.677,0.001408
19.6766,0.00140922
19.6762,0.00141044
19.6759,0.00141166
19.6755,0.00141287
19.6752,0.00141409
19.6748,0.0014153
19.6744,0.00141652
19.6741,0.00141773
19.6737,0.00142246
19.6734,0.00142719
19.673,0.0014284
19.6726,0.00142257
19.6723,0.00142378
19.6719,0.00144245
19.6716,0.00142619
19.6712,0.00142739
19.6708,0.00142859
19.6705,0.0014298
19.6701,0.00143099
19.6698,0.0014322
19.6694,0.0014334
19.669,0.0014346
19.6687,0.00144272
19.6683,0.001437
19.668,0.00143819
19.6676,0.00143939
19.6672,0.00144058
19.6669,0.00144177
19.6665,0.00144297
19.6662,0.00144415
19.6658,0.00144887
19.6654,0.00145357
19.6651,0.00144772
19.6647,0.00144891
19.6643,0.0014501
19.664,0.00145129
19.6636,0.00146303
19.6633,0.00145365
19.6629,0.00145483
19.6625,0.00145602
19.6622,0.0014572
19.6618,0.00145838
19.6615,0.00146999
19.6611,0.00146073
19.6607,0.00146191
19.6604,0.00146308
19.66,0.00146426
19.6597,0.00146544
19.6593,0.00146661
19.6589,0.00146779
19.6586,0.00146895
19.6582,0.00147012
19.6579,0.0014713
19.6575,0.00147246
19.6571,0.00147363
19.6568,0.0014748
19.6564,0.00147596
19.6561,0.00147712
19.6557,0.00147829
19.6553,0.00147945
19.655,0.00148765
19.6546,0.00148178
19.6542,0.00148997
19.6539,0.00149113
19.6535,0.00148525
19.6532,0.00150388
19.6528,0.00148756
19.6525,0.00148871
19.6521,0.00150042
19.6517,0.00149102
19.6514,0.00149217
19.651,0.00149333
19.6506,0.00149447
19.6503,0.00149914
19.6499,0.00150381
19.6496,0.00150495
19.6492,0.00149906
19.6488,0.00150021
19.6485,0.00150135
19.6481,0.00150249
19.6478,0.00150363
19.6474,0.00150478
19.647,0.00150592
19.6467,0.00151057
19.6463,0.00151522
19.646,0.00150933
19.6456,0.00151046
19.6452,0.0015116
19.6449,0.00151273
19.6445,0.00151739
19.6442,0.00151852
19.6438,0.00151964
19.6434,0.00152078
19.6431,0.0015219
19.6427,0.00151952
19.6424,0.00152064
19.642,0.00153925
19.6416,0.00152289
19.6413,0.00153105
19.6409,0.00152514
19.6406,0.00152626
19.6402,0.00152738
19.6398,0.0015285
19.6395,0.00152962
19.6391,0.00153074
19.6388,0.00153185
19.6384,0.00153297
19.638,0.00153409
19.6377,0.0015352
19.6373,0.00153631
19.6369,0.00153742
19.6366,0.00153853
19.6362,0.00153965
19.6359,0.00154075
19.6355,0.00154185
19.6351,0.00154296
19.6348,0.00154407
19.6344,0.00154518
19.6341,0.00154628
19.6337,0.00154739
19.6333,0.00154849
19.633,0.00154959
19.6326,0.00155772
19.6323,0.00155179
19.6319,0.00155288
19.6315,0.00155397
19.6312,0.00155507
19.6308,0.00156321
19.6305,0.00155726
19.6301,0.00155835
19.6297,0.00155945
19.6294,0.00156054
19.629,0.00156162
19.6287,0.00156271
19.6283,0.0015638
19.6279,0.00156488
19.6276,0.00156598
19.6272,0.00156705
19.6269,0.00156814
19.6265,0.00156922
19.6261,0.0015703
19.6258,0.00157138
19.6254,0.00157245
19.6251,0.00157342
19.6247,0.0015746
19.6243,0.00157569
19.624,0.00158028
19.6236,0.00158486
19.6232,0.00157891
19.6229,0.00157997
19.6225,0.00158105
19.6222,0.00158213
19.6218,0.00158318
19.6214,0.00158426
19.6211,0.00158532
19.6207,0.00160738
19.6204,0.00158745
19.62,0.00158851
19.6196,0.00158958
19.6193,0.00159064
19.6189,0.00159873
19.6186,0.00159276
19.6182,0.00159733
19.6178,0.00159838
19.6175,0.00159593
19.6171,0.00159698
19.6168,0.00159804
19.6164,0.00159909
19.616,0.00160014
19.6157,0.00160119
19.6153,0.00160224
19.615,0.00160318
19.6146,0.00160433
19.6143,0.00160527
19.6139,0.00160643
19.6135,0.00160747
19.6132,0.00160851
19.6128,0.00161659
19.6124,0.00161059
19.6121,0.00161164
19.6117,0.00161267
19.6113,0.00161371
19.611,0.00161475
19.6106,0.00161579
19.6103,0.00161682
19.6099,0.00161786
19.6095,0.00161889
19.6092,0.00161992
19.6088,0.00162095
19.6085,0.00162198
19.6081,0.001623
19.6077,0.00162403
19.6074,0.00162506
19.607,0.00162608
19.6067,0.00163062
19.6063,0.00163165
19.6059,0.00163267
19.6056,0.00163018
19.6052,0.0016312
19.6049,0.00163221
19.6045,0.00163323
19.6041,0.00163424
19.6038,0.00163877
19.6034,0.00164331
19.6031,0.00164433
19.6027,0.00164533
19.6023,0.00163931
19.602,0.00164031
19.6016,0.00164133
19.6013,0.00164233
19.6009,0.00165389
19.6005,0.00164435
19.6002,0.00164535
19.5998,0.00164635
19.5995,0.00164736
19.5991,0.00164835
19.5987,0.00164936
19.5984,0.00165036
19.598,0.00165136
19.5977,0.00165235
19.5973,0.00165335
19.5969,0.00165434
19.5966,0.00165534
19.5962,0.00165984
19.5958,0.00165732
19.5955,0.00165831
19.5951,0.0016593
19.5948,0.00166028
19.5944,0.00166127
19.594,0.00166225
19.5937,0.00169127
19.5933,0.00166422
19.593,0.00166873
19.5926,0.00166619
19.5922,0.00166717
19.5919,0.00166816
19.5915,0.00166913
19.5912,0.0016701
19.5908,0.00167108
19.5904,0.00167205
19.5901,0.00167293
19.5897,0.001674
19.5894,0.00167848
19.589,0.00168297
19.5886,0.00167691
19.5883,0.00167787
19.5879,0.00167885
19.5876,0.00167981
19.5872,0.00168429
19.5868,0.00168525
19.5865,0.00168972
19.5861,0.00168366
19.5858,0.00168462
19.5854,0.00168558
19.585,0.00168654
19.5847,0.00168749
19.5843,0.00168844
19.5839,0.0016894
19.5836,0.00169739
19.5832,0.00170186
19.5829,0.00169225
19.5825,0.00169321
19.5821,0.00169416
19.5818,0.00169511
19.5814,0.00169605
19.5811,0.00170052
19.5807,0.00169794
19.5803,0.00169889
19.58,0.00169984
19.5796,0.00170077
19.5793,0.0017017
19.5789,0.00170265
19.5785,0.00170358
19.5782,0.00170803
19.5778,0.00170897
19.5775,0.00170639
19.5771,0.00170732
19.5767,0.00170825
19.5764,0.00170919
19.576,0.00171011
19.5757,0.00171104
19.5753,0.00171197
19.5749,0.00171289
19.5746,0.00171382
19.5742,0.00171474
19.5739,0.00171566
19.5735,0.00171658
19.5731,0.0017175
19.5728,0.00171843
19.5724,0.00172286
19.5721,0.00173072
19.5717,0.00172117
19.5713,0.00172561
19.571,0.00175104
19.5706,0.00172392
19.5702,0.00172835
19.5699,0.00173277
19.5695,0.00172664
19.5692,0.00172756
19.5688,0.00172846
19.5684,0.00173288
19.5681,0.00173731
19.5677,0.00173117
19.5674,0.00173208
19.567,0.00173648
19.5666,0.00173738
19.5663,0.00173829
19.5659,0.00173567
19.5656,0.00173657
19.5652,0.00173745
19.5648,0.00173835
19.5645,0.00174627
19.5641,0.00174014
19.5638,0.00174102
19.5634,0.00175589
19.563,0.0017428
19.5627,0.00174368
19.5624,0.00174448
19.562,0.00174545
19.5616,0.00174635
19.5612,0.00174722
19.5609,0.0017481
19.5605,0.00174898
19.5602,0.00174986
19.5598,0.00175776
19.5594,0.0017516
19.5591,0.00175951
19.5587,0.00175336
19.5583,0.00176126
19.558,0.00175511
19.5576,0.00175598
19.5573,0.00175684
19.5569,0.0017577
19.5565,0.00175858
19.5562,0.00175945
19.5558,0.0017603
19.5555,0.00177162
19.5551,0.00176203
19.5547,0.00176289
19.5544,0.00176375
19.554,0.00176461
19.5537,0.00176546
19.5533,0.00177687
19.5529,0.00176718
19.5526,0.00176802
19.5522,0.00176887
19.5519,0.00176972
19.5515,0.00177058
19.5512,0.00177485
19.5508,0.00177227
19.5504,0.00178015
19.5501,0.00177396
19.5497,0.00177481
19.5493,0.00177565
19.549,0.00177649
19.5486,0.00177733
19.5483,0.00177816
19.5479,0.00178245
19.5475,0.00177984
19.5472,0.00178067
19.5468,0.00178151
19.5464,0.00178937
19.5461,0.0017902
19.5457,0.00179104
19.5454,0.00178483
19.545,0.00178918
19.5447,0.00178649
19.5443,0.00178732
19.5439,0.00179517
19.5436,0.00178896
19.5432,0.00178978
19.5429,0.00179061
19.5425,0.00179142
19.5421,0.00179224
19.5418,0.00179305
19.5414,0.00179387
19.541,0.00179469
19.5407,0.00179549
19.5403,0.00179631
19.54,0.00179712
19.5396,0.00182244
19.5393,0.00180217
19.5389,0.00179955
19.5385,0.00180035
19.5382,0.00180115
19.5378,0.00180197
19.5374,0.00180276
19.5371,0.00180698
19.5367,0.00180787
19.5364,0.00180867
19.536,0.00180595
19.5356,0.00180674
19.5353,0.00180755
19.5349,0.00180834
19.5346,0.00180914
19.5342,0.00180992
19.5338,0.00181071
19.5335,0.00181149
19.5331,0.00181229
19.5328,0.00181307
19.5324,0.00181385
19.532,0.00181815
19.5317,0.00181542
19.5313,0.0018162
19.531,0.00181698
19.5306,0.00181776
19.5302,0.00181853
19.5299,0.00181931
19.5295,0.00182009
19.5291,0.00182085
19.5288,0.00182162
19.5284,0.0018224
19.5281,0.00182669
19.5277,0.00183096
19.5273,0.00182471
19.527,0.00182548
19.5266,0.00183326
19.5263,0.001827
19.5259,0.00182776
19.5255,0.00182852
19.5252,0.00182928
19.5248,0.00183004
19.5245,0.0018308
19.5241,0.00183155
19.5237,0.0018323
19.5234,0.00183305
19.523,0.00183382
19.5227,0.00183457
19.5223,0.00183531
19.5219,0.00183606
19.5216,0.00183681
19.5212,0.00183755
19.5209,0.00183829
19.5205,0.00183903
19.5201,0.00184329
19.5198,0.00184052
19.5194,0.00184126
19.5191,0.001842
19.5187,0.00184273
19.5183,0.00184346
19.518,0.00184419
19.5176,0.00184492
19.5172,0.00184918
19.5169,0.00184639
19.5165,0.00184712
19.5162,0.00186535
19.5158,0.00184858
19.5154,0.0018493
19.5151,0.00185002
19.5147,0.00185074
19.5144,0.00185146
19.514,0.00185219
19.5136,0.0018529
19.5133,0.00186415
19.5129,0.00185434
19.5126,0.00185505
19.5122,0.00185576
19.5118,0.00185647
19.5115,0.00185718
19.5111,0.0018579
19.5108,0.0018586
19.5104,0.0018593
19.5101,0.00186344
19.5097,0.00186071
19.5093,0.00186142
19.509,0.00186211
19.5086,0.00186985
19.5082,0.00187055
19.5079,0.00186421
19.5075,0.0018649
19.5072,0.00186561
19.5068,0.00187684
19.5064,0.00186699
19.5061,0.00186768
19.5057,0.00186837
19.5054,0.00186906
19.505,0.00187677
19.5046,0.00187745
19.5043,0.00187815
19.5039,0.00187174
19.5036,0.00187248
19.5032,0.00187317
19.5028,0.00187384
19.5025,0.00187452
19.5021,0.00187519
19.5017,0.00187587
19.5014,0.00187654
19.501,0.00188072
19.5007,0.00188491
19.5003,0.00188559
19.4999,0.00188625
19.4996,0.00187989
19.4992,0.00188056
19.4989,0.00188121
19.4985,0.00188187
19.4981,0.00188254
19.4978,0.00188672
19.4974,0.00188386
19.4971,0.00188453
19.4967,0.00188518
19.4963,0.00188583
19.496,0.00188999
19.4956,0.00189066
19.4953,0.0018913
19.4949,0.00188843
19.4945,0.00188908
19.4942,0.00188973
19.4938,0.0019009
19.4935,0.00189101
19.4931,0.00189166
19.4927,0.00190284
19.4924,0.00189294
19.492,0.0018971
19.4917,0.00189421
19.4913,0.00189485
19.4909,0.00190251
19.4906,0.00189613
19.4902,0.00189676
19.4899,0.00189738
19.4895,0.00189801
19.4891,0.00189864
19.4888,0.00189926
19.4884,0.00190692
19.488,0.00190754
19.4877,0.00190816
19.4873,0.00190175
19.487,0.00190238
19.4866,0.001903
19.4863,0.00193518
19.4859,0.00190774
19.4855,0.00190484
19.4852,0.00190545
19.4848,0.00190607
19.4844,0.00191019
19.4841,0.00191078
19.4837,0.0019149
19.4834,0.00191553
19.483,0.00190911
19.4826,0.00190972
19.4823,0.00191031
19.4819,0.00191091
19.4816,0.00191151
19.4812,0.00191211
19.4808,0.0019127
19.4805,0.00191328
19.4801,0.00191389
19.4798,0.00191448
19.4794,0.00191507
19.479,0.00191565
19.4787,0.00191626
19.4783,0.00192737
19.478,0.00191741
19.4776,0.001918
19.4772,0.0019186
19.4769,0.00192268
19.4765,0.00192325
19.4762,0.00192033
19.4758,0.0019209
19.4754,0.00192148
19.4751,0.00192204
19.4747,0.00192261
19.4744,0.00192319
19.474,0.00192375
19.4736,0.00192432
19.4733,0.00193192
19.4729,0.00192546
19.4725,0.00192603
19.4722,0.00192659
19.4718,0.00192714
19.4715,0.00192765
19.4711,0.00192826
19.4707,0.00192881
19.4704,0.00192938
19.47,0.00192993
19.4697,0.00193049
19.4693,0.00193455
19.469,0.00193503
19.4686,0.00193214
19.4682,0.00193268
19.4679,0.00193323
19.4675,0.0019408
19.4671,0.00193431
19.4668,0.00193484
19.4664,0.00193541
19.4661,0.00193593
19.4657,0.00193646
19.4653,0.001937
19.465,0.00193753
19.4646,0.00193806
19.4643,0.00193854
19.4639,0.00193913
19.4636,0.0019396
19.4632,0.00194019
19.4628,0.00194071
19.4625,0.00194469
19.4621,0.00194176
19.4617,0.0019493
19.4614,0.0019428
19.461,0.00194332
19.4606,0.00194382
19.4603,0.00195135
19.4599,0.00195189
19.4596,0.00194538
19.4592,0.00194589
19.4588,0.00194989
19.4585,0.0019469
19.4581,0.00195444
19.4578,0.00194791
19.4574,0.00194841
19.457,0.00194892
19.4567,0.00194942
19.4563,0.00194992
19.456,0.00195041
19.4556,0.00195091
19.4552,0.0019514
19.4549,0.00195541
19.4545,0.00195238
19.4542,0.00195288
19.4538,0.00195338
19.4534,0.00195386
19.4531,0.00195433
19.4527,0.00195482
19.4524,0.00195532
19.452,0.00195578
19.4516,0.00195627
19.4513,0.00195675
19.4509,0.00195723
19.4506,0.0019577
19.4502,0.0019652
19.4498,0.00195865
19.4495,0.00195912
19.4491,0.0019596
19.4488,0.00196006
19.4484,0.00196755
19.448,0.001961
19.4477,0.00196147
19.4473,0.00196544
19.4469,0.00196591
19.4466,0.00196285
19.4462,0.00197033
19.4459,0.00197078
19.4455,0.00197125
19.4451,0.00196466
19.4448,0.00196512
19.4444,0.00196557
19.4441,0.00196602
19.4437,0.00196648
19.4433,0.00196691
19.443,0.00196736
19.4426,0.00197131
19.4423,0.00197527
19.4419,0.0019722
19.4415,0.00196913
19.4412,0.00196957
19.4408,0.00197001
19.4405,0.00197044
19.4401,0.00197086
19.4397,0.00197131
19.4394,0.00197172
19.439,0.00197216
19.4387,0.00197609
19.4383,0.001973
19.4379,0.00197343
19.4376,0.00197737
19.4372,0.00198128
19.4369,0.0019747
19.4365,0.00197511
19.4361,0.00197552
19.4358,0.00197946
19.4354,0.00197986
19.4351,0.00197676
19.4347,0.00197718
19.4343,0.00197759
19.434,0.00197798
19.4336,0.00197839
19.4333,0.0019788
19.4329,0.00197919
19.4325,0.0019796
19.4322,0.00198703
19.4318,0.0019804
19.4314,0.0019808
19.4311,0.0019812
19.4307,0.00198157
19.4304,0.00198199
19.43,0.00198236
19.4296,0.00199327
19.4293,0.00198314
19.4289,0.00198352
19.4286,0.00198391
19.4282,0.00198429
19.4278,0.00198819
19.4275,0.00199207
19.4271,0.00199244
19.4268,0.00199283
19.4264,0.0019967
19.426,0.00198656
19.4257,0.00198692
19.4253,0.00198729
19.425,0.00199118
19.4246,0.00199153
19.4242,0.00199541
19.4239,0.00198875
19.4235,0.00198913
19.4232,0.00199299
19.4228,0.00198983
19.4224,0.00199019
19.4221,0.00199055
19.4217,0.00199442
19.4213,0.00199477
19.421,0.00199162
19.4206,0.00199195
19.4203,0.00199231
19.4199,0.00199267
19.4196,0.001993
19.4192,0.00199335
19.4188,0.00199368
19.4185,0.00201854
19.4181,0.00199437
19.4177,0.0019947
19.4174,0.00200205
19.417,0.00199538
19.4167,0.00199572
19.4163,0.00199604
19.4159,0.00199637
19.4156,0.0019967
19.4152,0.00200053
19.4149,0.00200086
19.4145,0.00200469
19.4141,0.001998
19.4138,0.00199831
19.4134,0.00199862
19.4131,0.00199895
19.4127,0.00200628
19.4123,0.00199959
19.412,0.00199989
19.4116,0.00200019
19.4113,0.00200051
19.4109,0.00200081
19.4105,0.00200112
19.4102,0.00200142
19.4098,0.00200876
19.4095,0.00200201
19.4091,0.00200933
19.4087,0.00200262
19.4084,0.00200292
19.408,0.00203128
19.4077,0.0020035
19.4073,0.0020038
19.4069,0.00200409
19.4066,0.00200438
19.4062,0.00200467
19.4059,0.00200494
19.4055,0.00200524
19.4051,0.00201606
19.4048,0.00203031
19.4044,0.00200607
19.404,0.00200633
19.4037,0.00200661
19.4033,0.00200689
19.403,0.00200713
19.4026,0.00201094
19.4023,0.00201821
19.4019,0.00200796
19.4015,0.00201173
19.4012,0.0020085
19.4008,0.00201578
19.4004,0.00200902
19.4001,0.00200929
19.3997,0.00200954
19.3994,0.0020098
19.399,0.00201005
19.3987,0.00201028
19.3983,0.00201054
19.3979,0.0020108
19.3976,0.00201104
19.3972,0.0020113
19.3968,0.00201155
19.3965,0.00201178
19.3961,0.00201201
19.3958,0.00201226
19.3954,0.00201249
19.395,0.00201272
19.3947,0.00201297
19.3943,0.0020132
19.394,0.00201342
19.3936,0.00202067
19.3932,0.00201389
19.3929,0.0020176
19.3925,0.00201433
19.3922,0.00201456
19.3918,0.00201477
19.3914,0.002036
19.3911,0.00201521
19.3907,0.00201543
19.3903,0.00201563
19.39,0.00201936
19.3896,0.00201957
19.3893,0.00201628
19.3889,0.00201647
19.3885,0.00201669
19.3882,0.0020169
19.3878,0.0020171
19.3875,0.0020173
19.3871,0.00202101
19.3867,0.0020212
19.3864,0.0020214
19.3861,0.00202507
19.3857,0.00201828
19.3853,0.00201845
19.3849,0.00201864
19.3846,0.00202586
19.3842,0.00201902
19.3839,0.00201922
19.3835,0.00202291
19.3831,0.00202659
19.3828,0.00202678
19.3824,0.00201993
19.3821,0.00202359
19.3817,0.00202379
19.3813,0.00202045
19.381,0.00202764
19.3806,0.00202078
19.3803,0.00202096
19.3799,0.00202114
19.3795,0.00202129
19.3792,0.00202496
19.3788,0.00202162
19.3785,0.00202178
19.3781,0.00202895
19.3777,0.00202209
19.3774,0.00202223
19.377,0.00202239
19.3766,0.00202956
19.3763,0.00202971
19.3759,0.00202283
19.3756,0.00202298
19.3752,0.00202311
19.3748,0.00202678
19.3745,0.00202339
19.3741,0.00202354
19.3738,0.00202366
19.3734,0.00202731
19.373,0.00203094
19.3727,0.00202407
19.3723,0.00202421
19.372,0.00202783
19.3716,0.00203147
19.3712,0.00202459
19.3709,0.0020247
19.3705,0.00202483
19.3702,0.00202844
19.3698,0.00202856
19.3694,0.00202518
19.3691,0.00202528
19.3687,0.00202542
19.3684,0.00202552
19.368,0.00202561
19.3676,0.00202572
19.3673,0.00202935
19.3669,0.00202594
19.3666,0.00202605
19.3662,0.00202615
19.3658,0.00202623
19.3655,0.00202633
19.3651,0.00202643
19.3648,0.00203005
19.3644,0.00203012
19.364,0.00202671
19.3637,0.00202679
19.3633,0.00202687
19.3629,0.00202696
19.3626,0.00202705
19.3622,0.00202711
19.3619,0.0020272
19.3615,0.00202728
19.3611,0.00202737
19.3608,0.00202744
19.3604,0.00202752
19.3601,0.00203458
19.3597,0.00202764
19.3593,0.0020277
19.359,0.00202777
19.3586,0.00202783
19.3583,0.00202791
19.3579,0.00202796
19.3575,0.00202802
19.3572,0.00202809
19.3568,0.00202813
19.3565,0.00203169
19.3561,0.00203174
19.3557,0.00203178
19.3554,0.00203184
19.355,0.00202837
19.3547,0.00202841
19.3543,0.00202846
19.3539,0.00202849
19.3536,0.00202853
19.3532,0.00202858
19.3529,0.00203211
19.3525,0.00202865
19.3521,0.00202868
19.3518,0.00203569
19.3514,0.00202873
19.3511,0.00202875
19.3507,0.00202878
19.3503,0.0020288
19.35,0.00202883
19.3496,0.00203236
19.3493,0.00202885
19.3489,0.00202887
19.3485,0.00202887
19.3482,0.00202888
19.3478,0.0020289
19.3474,0.00202891
19.3471,0.00202891
19.3467,0.00203242
19.3464,0.00203594
19.346,0.00203594
19.3456,0.00202891
19.3453,0.00202892
19.3449,0.00202892
19.3446,0.00202889
19.3442,0.00202889
19.3439,0.00205695
19.3435,0.00202887
19.3431,0.00202884
19.3428,0.00203234
19.3424,0.00203583
19.342,0.00202879
19.3417,0.00202878
19.3413,0.00202876
19.341,0.00202875
19.3406,0.00203219
19.3402,0.00203218
19.3399,0.00203213
19.3395,0.00202862
19.3392,0.00202858
19.3388,0.00202855
19.3384,0.00202851
19.3381,0.00202847
19.3377,0.00202842
19.3374,0.00202837
19.337,0.00202831
19.3366,0.00202827
19.3363,0.00202823
19.3359,0.00202819
19.3355,0.00203512
19.3352,0.00203507
19.3348,0.00202801
19.3345,0.00202798
19.3341,0.00203142
19.3337,0.00203136
19.3334,0.00203129
19.333,0.00203122
19.3327,0.00203463
19.3323,0.00203458
19.3319,0.00202749
19.3316,0.00202742
19.3312,0.00202735
19.3309,0.00202727
19.3305,0.00202719
19.3301,0.00203063
19.3298,0.00203053
19.3294,0.00203045
19.3291,0.00203035
19.3287,0.00202677
19.3283,0.00203367
19.328,0.00202657
19.3276,0.00202649
19.3273,0.00202638
19.3269,0.0020333
19.3265,0.00202619
19.3262,0.0020261
19.3258,0.00202599
19.3255,0.00202588
19.3251,0.00202578
19.3247,0.00202567
19.3244,0.00202556
19.324,0.00202544
19.3236,0.00203236
19.3233,0.00203224
19.3229,0.0020251
19.3226,0.00202499
19.3222,0.00203187
19.3219,0.00202473
19.3215,0.00202461
19.3211,0.00202447
19.3208,0.00202434
19.3204,0.00202772
19.32,0.00203108
19.3197,0.00203095
19.3193,0.00202382
19.319,0.00202368
19.3186,0.00202352
19.3182,0.00202337
19.3179,0.00202322
19.3175,0.00202307
19.3172,0.00202994
19.3168,0.00202279
19.3164,0.00202613
19.3161,0.00202248
19.3157,0.00202582
19.3154,0.00202916
19.315,0.00202202
19.3146,0.00202183
19.3143,0.00202166
19.3139,0.00202151
19.3136,0.00202134
19.3132,0.00202118
19.3128,0.0020245
19.3125,0.00202431
19.3121,0.00202764
19.3118,0.00202047
19.3114,0.00202028
19.3111,0.00203412
19.3107,0.00203393
19.3103,0.00201974
19.31,0.00201954
19.3096,0.00201933
19.3092,0.00201915
19.3089,0.00201895
19.3085,0.00201877
19.3082,0.00201856
19.3078,0.00201836
19.3074,0.00201815
19.3071,0.00201796
19.3067,0.00201776
19.3063,0.00202107
19.306,0.00202435
19.3056,0.00202414
19.3053,0.00201691
19.3049,0.0020167
19.3045,0.00201649
19.3042,0.00202329
19.3038,0.00201605
19.3035,0.00201581
19.3031,0.00201558
19.3027,0.00201535
19.3024,0.00201513
19.302,0.00201491
19.3017,0.00201817
19.3013,0.00202143
19.3009,0.00201419
19.3006,0.00201397
19.3002,0.00201372
19.2999,0.00201347
19.2995,0.00201322
19.2991,0.00201297
19.2988,0.00201623
19.2984,0.00201599
19.2981,0.00201221
19.2977,0.00201898
19.2973,0.00201171
19.297,0.00201143
19.2966,0.00201118
19.2963,0.00201444
19.2959,0.00201767
19.2955,0.00201039
19.2952,0.00201013
19.2948,0.00200985
19.2945,0.00200958
19.2941,0.0020093
19.2937,0.00200901
19.2934,0.00200871
19.293,0.00200847
19.2927,0.00200817
19.2923,0.00200791
19.292,0.00200762
19.2916,0.00200732
19.2912,0.00200699
19.2908,0.00200671
19.2905,0.00200642
19.2901,0.00200614
19.2898,0.00200582
19.2894,0.00200554
19.289,0.00200523
19.2887,0.0020049
19.2883,0.00200461
19.288,0.0020043
19.2876,0.00200398
19.2872,0.00200717
19.2869,0.00201036
19.2865,0.00200305
19.2862,0.00200271
19.2858,0.00202344
19.2854,0.00200207
19.2851,0.00200175
19.2847,0.00200145
19.2844,0.00200108
19.284,0.00200074
19.2836,0.00200743
19.2833,0.00200709
19.2829,0.00200679
19.2826,0.00199942
19.2822,0.00199905
19.2818,0.00199872
19.2815,0.00199837
19.2811,0.00199801
19.2808,0.00199766
19.2804,0.00200434
19.28,0.00200396
19.2797,0.0019966
19.2793,0.00199973
19.279,0.00200993
19.2786,0.00199554
19.2782,0.0020162
19.2779,0.00199478
19.2775,0.0019944
19.2772,0.00199405
19.2768,0.00201824
19.2765,0.00199332
19.2761,0.00199289
19.2757,0.00199254
19.2753,0.00199214
19.275,0.00199176
19.2746,0.00199484
19.2743,0.00199449
19.2739,0.00199761
19.2735,0.00200072
19.2732,0.00198981
19.2728,0.00198939
19.2725,0.00198905
19.2721,0.00198862
19.2717,0.00198821
19.2714,0.00199478
19.271,0.00198741
19.2707,0.00198699
19.2703,0.00199006
19.2699,0.00198615
19.2696,0.00198573
19.2692,0.00198534
19.2689,0.00198489
19.2685,0.00198449
19.2681,0.00198405
19.2678,0.00198362
19.2674,0.0019832
19.2671,0.00198278
19.2667,0.00198235
19.2663,0.00198889
19.266,0.00198843
19.2656,0.00198102
19.2653,0.00198058
19.2649,0.00198013
19.2645,0.00197968
19.2642,0.00197926
19.2638,0.00197881
19.2634,0.00198183
19.2631,0.00198138
19.2627,0.00198092
19.2624,0.00197696
19.262,0.00197651
19.2616,0.00197603
19.2613,0.00197561
19.2609,0.00197511
19.2606,0.00197465
19.2602,0.00197417
19.2598,0.00197722
19.2595,0.0019732
19.2591,0.00197973
19.2588,0.00197226
19.2584,0.00197179
19.258,0.00197479
19.2577,0.00197782
19.2573,0.0019703
19.257,0.00196982
19.2566,0.00196932
19.2562,0.00196882
19.2559,0.00196832
19.2555,0.00196784
19.2552,0.00197084
19.2548,0.00197032
19.2544,0.00196635
19.2541,0.00196581
19.2537,0.00196531
19.2534,0.00196479
19.253,0.00196427
19.2526,0.00197076
19.2523,0.00196322
19.2519,0.00196272
19.2516,0.00196218
19.2512,0.00196166
19.2508,0.00196465
19.2505,0.00196414
19.2501,0.00196007
19.2498,0.00195956
19.2494,0.0019625
19.249,0.00196196
19.2487,0.00195792
19.2483,0.00195738
19.248,0.00195684
19.2476,0.00195627
19.2472,0.00195574
19.2469,0.00195518
19.2465,0.00195462
19.2462,0.00195409
19.2458,0.00195349
19.2454,0.00195295
19.2451,0.00196289
19.2447,0.00195181
19.2443,0.00195125
19.244,0.00195068
19.2436,0.0019536
19.2433,0.00194952
19.2429,0.00194895
19.2425,0.00194837
19.2422,0.00194778
19.2418,0.00194719
19.2415,0.0019466
19.2411,0.00194603
19.2407,0.00194893
19.2404,0.00194834
19.24,0.00194424
19.2397,0.00194365
19.2393,0.00194305
19.2389,0.00194244
19.2386,0.00194186
19.2382,0.00194123
19.2379,0.00194063
19.2375,0.00194003
19.2371,0.00194289
19.2368,0.00193878
19.2364,0.00193817
19.2361,0.00193754
19.2357,0.00193693
19.2353,0.00193627
19.235,0.00193918
19.2346,0.00193505
19.2343,0.00193441
19.2339,0.00193376
19.2335,0.00193313
19.2332,0.00193252
19.2328,0.00193188
19.2325,0.00193123
19.2321,0.00193057
19.2317,0.00192994
19.2314,0.00192929
19.231,0.00192862
19.2307,0.00192799
19.2303,0.00192736
19.2299,0.00193369
19.2296,0.001926
19.2292,0.00192535
19.2288,0.00192469
19.2285,0.001931
19.2281,0.00193383
19.2278,0.00192266
19.2274,0.001922
19.227,0.00192131
19.2267,0.00192065
19.2263,0.00191995
19.226,0.00191928
19.2256,0.00191857
19.2252,0.00191789
19.2249,0.0019207
19.2245,0.00192352
19.2242,0.0019158
19.2238,0.00191512
19.2234,0.00191442
19.2231,0.00191717
19.2227,0.00191651
19.2224,0.00191929
19.222,0.00191159
19.2216,0.00191089
19.2213,0.00191016
19.2209,0.00190943
19.2205,0.00191921
19.2202,0.00190798
19.2198,0.00190726
19.2195,0.00190655
19.2191,0.00190582
19.2188,0.00190511
19.2184,0.00190435
19.218,0.00190359
19.2177,0.00190639
19.2173,0.00190215
19.217,0.00190141
19.2166,0.00190065
19.2163,0.00189997
19.2159,0.00192368
19.2155,0.00190189
19.2151,0.00189766
19.2148,0.0018969
19.2144,0.00189616
19.2141,0.00189889
19.2137,0.0018946
19.2133,0.00189385
19.213,0.00189307
19.2126,0.00189231
19.2123,0.00189156
19.2119,0.00189077
19.2115,0.00188998
19.2112,0.00189271
19.2108,0.00188841
19.2105,0.00188764
19.2101,0.00188684
19.2097,0.00188955
19.2094,0.00188875
19.209,0.00188446
19.2087,0.00188367
19.2083,0.00188286
19.2079,0.00188206
19.2076,0.00188124
19.2072,0.00188045
19.2069,0.00188662
19.2065,0.00187881
19.2061,0.0018885
19.2058,0.00187721
19.2054,0.00187639
19.2051,0.00187557
19.2047,0.00187475
19.2043,0.00187391
19.204,0.0018731
19.2036,0.00187576
19.2033,0.00187141
19.2029,0.00187061
19.2025,0.00186974
19.2022,0.0018689
19.2018,0.00186805
19.2015,0.00186721
19.2011,0.0018664
19.2007,0.00186903
19.2004,0.00186467
19.2,0.00186382
19.1996,0.00186296
19.1993,0.00186211
19.199,0.00186133
19.1986,0.00188843
19.1982,0.00185948
19.1978,0.00186563
19.1975,0.00186478
19.1971,0.00185684
19.1968,0.00185603
19.1964,0.00185512
19.196,0.00185426
19.1957,0.00185335
19.1953,0.00185248
19.195,0.00185159
19.1946,0.00185069
19.1942,0.0018498
19.1939,0.00184893
19.1935,0.00184802
19.1932,0.00184711
19.1928,0.00184619
19.1924,0.00184531
19.1921,0.00184441
19.1917,0.00184348
19.1914,0.00184256
19.191,0.00184163
19.1906,0.00184071
19.1903,0.00184678
19.1899,0.00183889
19.1896,0.00184147
19.1892,0.00184053
19.1888,0.0018361
19.1885,0.00183513
19.1881,0.00183422
19.1878,0.00183328
19.1874,0.00183231
19.187,0.00183839
19.1867,0.00183044
19.1863,0.0018295
19.186,0.00182853
19.1856,0.00182758
19.1852,0.00182665
19.1849,0.00182567
19.1845,0.00182472
19.1841,0.00182374
19.1838,0.00182278
19.1834,0.0018253
19.1831,0.00182084
19.1827,0.00181985
19.1823,0.00181891
19.182,0.0018179
19.1816,0.00181693
19.1813,0.00182295
19.1809,0.00181496
19.1805,0.00181398
19.1802,0.00182001
19.1798,0.00181897
19.1795,0.001818
19.1791,0.00181698
19.1787,0.00180898
19.1784,0.00183254
19.178,0.00180699
19.1777,0.00180947
19.1773,0.00180496
19.1769,0.00180395
19.1766,0.00180991
19.1762,0.00180189
19.1759,0.00180095
19.1755,0.00180684
19.1751,0.00179884
19.1748,0.00180479
19.1744,0.00179676
19.1741,0.00179575
19.1737,0.0017947
19.1733,0.00179366
19.173,0.00182414
19.1726,0.00179509
19.1723,0.00179051
19.1719,0.00178945
19.1715,0.00178842
19.1712,0.00178735
19.1708,0.00179328
19.1705,0.00178526
19.1701,0.00178429
19.1697,0.00178658
19.1694,0.00178203
19.169,0.00178095
19.1686,0.00177989
19.1683,0.0017788
19.1679,0.00177774
19.1676,0.00178015
19.1672,0.00177908
19.1668,0.00178146
19.1665,0.00177339
19.1661,0.00177229
19.1658,0.00177121
19.1654,0.00177008
19.165,0.00177252
19.1647,0.00177142
19.1643,0.00177031
19.164,0.00176919
19.1636,0.00176461
19.1632,0.00176347
19.1629,0.00176238
19.1625,0.00176125
19.1622,0.00176013
19.1618,0.0017625
19.1614,0.00176139
19.1611,0.00175677
19.1607,0.00175561
19.1604,0.0017545
19.16,0.00175336
19.1596,0.00175219
19.1593,0.00175106
19.1589,0.00174992
19.1586,0.00174876
19.1582,0.00174761
19.1578,0.00177455
19.1575,0.00174533
19.1572,0.00174429
19.1568,0.00174301
19.1564,0.0017488
19.156,0.00174064
19.1557,0.0017395
19.1553,0.00173834
19.155,0.00173713
19.1546,0.00173597
19.1542,0.00173479
19.1539,0.00173361
19.1535,0.00173241
19.1532,0.00173126
19.1528,0.00173006
19.1524,0.00172885
19.1521,0.00172766
19.1517,0.00172649
19.1513,0.00172528
19.151,0.00172407
19.1506,0.00172286
19.1503,0.00172163
19.1499,0.00172745
19.1495,0.00171923
19.1492,0.00171801
19.1488,0.00171678
19.1485,0.00171556
19.1481,0.00171781
19.1477,0.00171312
19.1474,0.00171189
19.147,0.00171065
19.1467,0.0017094
19.1463,0.00170819
19.1459,0.00171391
19.1456,0.0017057
19.1453,0.00170459
19.1449,0.00170321
19.1445,0.00170198
19.1441,0.0017007
19.1438,0.00169942
19.1434,0.00169816
19.1431,0.00170042
19.1427,0.00169565
19.1423,0.00169439
19.142,0.00169661
19.1416,0.00169183
19.1412,0.00169754
19.1409,0.00168929
19.1405,0.001688
19.1402,0.00168672
19.1398,0.00168541
19.1395,0.00168412
19.1391,0.00168283
19.1387,0.00168155
19.1384,0.00168025
19.138,0.00167896
19.1377,0.00167763
19.1373,0.00167633
19.1369,0.00167504
19.1366,0.00167373
19.1362,0.00167602
19.1358,0.00167454
19.1355,0.00167324
19.1351,0.00167544
19.1348,0.0016671
19.1344,0.00166578
19.134,0.00166446
19.1337,0.00166309
19.1333,0.00166182
19.133,0.00166046
19.1326,0.0016626
19.1322,0.00165775
19.1319,0.00165642
19.1315,0.00165506
19.1312,0.00165368
19.1308,0.00165234
19.1304,0.00165099
19.1301,0.00164962
19.1297,0.00164826
19.1294,0.00164688
19.129,0.00164551
19.1286,0.00164413
19.1283,0.00164278
19.1279,0.00164136
19.1276,0.00164
19.1272,0.00163864
19.1268,0.00163724
19.1265,0.00163585
19.1261,0.00163444
19.1258,0.00163304
19.1254,0.00163165
19.125,0.00163028
19.1247,0.00163234
19.1243,0.00162746
19.124,0.00162604
19.1236,0.00162462
19.1232,0.00162322
19.1229,0.00162179
19.1225,0.00162036
19.1221,0.00162591
19.1218,0.00161751
19.1214,0.00161609
19.1211,0.00161465
19.1207,0.00161671
19.1203,0.00161527
19.12,0.00161383
19.1196,0.00161236
19.1193,0.00160742
19.1189,0.00160599
19.1186,0.00161866
19.1182,0.00160309
19.1178,0.00160161
19.1175,0.00160014
19.1171,0.0015987
19.1167,0.00159718
19.1164,0.00159575
19.116,0.00159425
19.1157,0.0015928
19.1153,0.00159135
19.1149,0.00158984
19.1146,0.00158832
19.1142,0.00159037
19.1139,0.00158885
19.1135,0.00159087
19.1131,0.00158937
19.1128,0.00158789
19.1124,0.00158636
19.1121,0.00157789
19.1117,0.00157637
19.1113,0.00157486
19.111,0.00157337
19.1106,0.00157185
19.1103,0.0015703
19.1099,0.00156893
19.1095,0.00156724
19.1092,0.00157268
19.1088,0.00156425
19.1085,0.00156271
19.1081,0.00156113
19.1077,0.00155961
19.1074,0.00155808
19.107,0.00155656
19.1067,0.00155846
19.1063,0.00155692
19.1059,0.00155532
19.1056,0.00155729
19.1052,0.0015488
19.1049,0.0015472
19.1045,0.00154562
19.1041,0.00154751
19.1038,0.00154249
19.1034,0.00154088
19.1031,0.0015393
19.1027,0.00153772
19.1023,0.00153615
19.102,0.00153456
19.1016,0.00153297
19.1013,0.00153138
19.1009,0.00152979
19.1005,0.0015282
19.1002,0.00152656
19.0998,0.00152499
19.0994,0.00152333
19.0991,0.00152175
19.0987,0.00152015
19.0984,0.00151852
19.098,0.00151687
19.0976,0.00151528
19.0973,0.00151363
19.0969,0.00151203
19.0966,0.00151042
19.0962,0.00150878
19.0958,0.00151407
19.0955,0.00150547
19.0951,0.00150383
19.0948,0.00150218
19.0944,0.00150401
19.094,0.00150241
19.0937,0.0014972
19.0933,0.00149557
19.093,0.00149393
19.0926,0.00149225
19.0922,0.00149056
19.0919,0.00148888
19.0915,0.00148723
19.0912,0.00148557
19.0908,0.00148387
19.0904,0.00148221
19.0901,0.00148048
19.0897,0.00147882
19.0894,0.00147715
19.089,0.00147541
19.0886,0.00147375
19.0883,0.00147203
19.0879,0.00147384
19.0876,0.00147215
19.0872,0.00147392
19.0868,0.00146519
19.0865,0.00148106
19.0861,0.00146174
19.0858,0.00146005
19.0854,0.00146183
19.085,0.00146009
19.0847,0.00145486
19.0843,0.00145315
19.084,0.00145139
19.0836,0.00144967
19.0832,0.0014479
19.0829,0.00144614
19.0825,0.00145488
19.0822,0.00144269
19.0818,0.00144092
19.0814,0.00144261
19.0811,0.00144434
19.0807,0.00143561
19.0804,0.00145147
19.08,0.00143209
19.0796,0.00143032
19.0793,0.00142851
19.0789,0.00142674
19.0785,0.00142494
19.0782,0.00142314
19.0778,0.00142136
19.0775,0.00141957
19.0771,0.0014178
19.0767,0.00141946
19.0764,0.00141417
19.076,0.00141583
19.0757,0.00141055
19.0753,0.00140874
19.075,0.0014071
19.0746,0.0014121
19.0742,0.00143138
19.0739,0.00140144
19.0735,0.00140311
19.0731,0.0014083
19.0728,0.001396
19.0724,0.00139413
19.0721,0.0013923
19.0717,0.00139046
19.0713,0.00138859
19.071,0.00138676
19.0706,0.0013919
19.0703,0.00138304
19.0699,0.00138117
19.0695,0.00137932
19.0692,0.00137747
19.0688,0.00137556
19.0685,0.00137373
19.0681,0.00137185
19.0677,0.00136997
19.0674,0.00136807
19.067,0.00136619
19.0667,0.00136451
19.0663,0.00136243
19.0659,0.00136052
19.0656,0.00135863
19.0652,0.00135677
19.0648,0.0013583
19.0645,0.00135984
19.0641,0.001351
19.0638,0.0013491
19.0634,0.00136129
19.063,0.00134524
19.0627,0.00134332
19.0623,0.00134141
19.062,0.00133949
19.0616,0.0013445
19.0612,0.00133559
19.0609,0.00133365
19.0605,0.00133174
19.0602,0.00132977
19.0598,0.00132781
19.0594,0.00132589
19.0591,0.00132395
19.0587,0.00132198
19.0584,0.00132
19.058,0.00132499
19.0576,0.00131603
19.0573,0.0013141
19.0569,0.00131215
19.0566,0.00131017
19.0562,0.00130815
19.0558,0.0013062
19.0555,0.00130422
19.0551,0.00130918
19.0548,0.00130023
19.0544,0.00129825
19.054,0.00129622
19.0537,0.00129423
19.0533,0.0012922
19.053,0.00129017
19.0526,0.00128815
19.0522,0.00128617
19.0519,0.00128416
19.0515,0.00128213
19.0512,0.00128012
19.0508,0.00127803
19.0504,0.00127601
19.0501,0.001274
19.0497,0.00127197
19.0494,0.0012699
19.049,0.00126787
19.0486,0.0012658
19.0483,0.00126373
19.0479,0.00126169
19.0476,0.00125964
19.0472,0.0012576
19.0468,0.00125553
19.0465,0.00125347
19.0461,0.00125134
19.0458,0.00124931
19.0454,0.00125417
19.045,0.00124514
19.0447,0.00124304
19.0443,0.00124445
19.0439,0.00124233
19.0436,0.00123672
19.0432,0.00123466
19.0429,0.00123253
19.0425,0.00123046
19.0421,0.00122829
19.0418,0.0012297
19.0414,0.0012241
19.0411,0.00122199
19.0407,0.00121989
19.0403,0.00121776
19.04,0.00121563
19.0396,0.00121695
19.0393,0.00121483
19.0389,0.00120919
19.0385,0.00120706
19.0382,0.0012049
19.0378,0.00120629
19.0375,0.00120064
19.0371,0.00119844
19.0367,0.0011963
19.0364,0.00119412
19.036,0.00119195
19.0357,0.00118977
19.0353,0.00118763
19.0349,0.00118546
19.0346,0.00118328
19.0342,0.00118112
19.0339,0.00117891
19.0335,0.00118368
19.0331,0.00117451
19.0328,0.00117231
19.0324,0.00117011
19.0321,0.00116792
19.0317,0.00116571
19.0313,0.00117047
19.031,0.00116128
19.0306,0.00115907
19.0303,0.00115682
19.0299,0.00115463
19.0295,0.00115242
19.0292,0.00115016
19.0288,0.00115144
19.0285,0.00114571
19.0281,0.00114345
19.0277,0.00114116
19.0274,0.00113893
19.027,0.00113668
19.0267,0.00113445
19.0263,0.00113566
19.0259,0.00112997
19.0256,0.00112764
19.0252,0.0011254
19.0249,0.00112313
19.0245,0.00112084
19.0241,0.00111855
19.0238,0.00111629
19.0234,0.00111399
19.023,0.00111172
19.0227,0.00111987
19.0223,0.00110708
19.022,0.00110481
19.0216,0.00110252
19.0212,0.00110714
19.0209,0.00110487
19.0205,0.00109558
19.0202,0.00109329
19.0198,0.00109095
19.0194,0.0010886
19.0191,0.00109323
19.0187,0.00108396
19.0184,0.00108858
19.018,0.0010793
19.0176,0.00107696
19.0173,0.00107455
19.0169,0.00107222
19.0166,0.00106991
19.0162,0.00106776
19.0158,0.00106518
19.0155,0.00106282
19.0151,0.00106747
19.0148,0.00106504
19.0144,0.00105567
19.014,0.00105331
19.0137,0.00105441
19.0133,0.00104857
19.013,0.00104615
19.0126,0.0010438
19.0122,0.0010414
19.0119,0.00103899
19.0115,0.00103654
19.0112,0.00103418
19.0108,0.00103179
19.0104,0.00102937
19.0101,0.00103038
19.0097,0.00103143
19.0094,0.0010221
19.009,0.00101966
19.0086,0.00101724
19.0083,0.00101483
19.0079,0.00101237
19.0076,0.00100989
19.0072,0.00101446
19.0068,0.00101199
19.0065,0.00100954
19.0061,0.00100014
19.0058,0.000997671
19.0054,0.000995167
19.005,0.000992741
19.0047,0.000993767
19.0043,0.000987763
19.004,0.000985318
19.0036,0.000982841
19.0032,0.000980334
19.0029,0.000977868
19.0025,0.000975385
19.0021,0.000972884
19.0018,0.000973852
19.0014,0.000967881
19.0011,0.000965359
19.0007,0.000966278
19.0003,0.000960318
19,0.000957861
18.9996,0.00095532
18.9993,0.000952781
18.9989,0.000950218
18.9985,0.000947767
18.9982,0.000945191
18.9978,0.000946117
18.9975,0.000940044
18.9971,0.000937526
18.9967,0.000935033
18.9964,0.000932446
18.996,0.000929871
18.9957,0.000927342
18.9953,0.000928274
18.9949,0.000922224
18.9946,0.000919615
18.9942,0.000920563
18.9939,0.000914484
18.9935,0.000911879
18.9931,0.000909329
18.9928,0.000906758
18.9924,0.00090414
18.9921,0.000901517
18.9917,0.000898927
18.9913,0.000896325
18.991,0.000900653
18.9906,0.000898062
18.9903,0.000899176
18.9899,0.000885837
18.9895,0.000883243
18.9892,0.000880628
18.9888,0.000877956
18.9885,0.000875343
18.9881,0.000872711
18.9877,0.000870058
18.9874,0.000870898
18.987,0.000875144
18.9867,0.000862108
18.9863,0.000859458
18.9859,0.000856755
18.9856,0.000854152
18.9852,0.000851483
18.9848,0.000852265
18.9845,0.000853083
18.9841,0.000843425
18.9838,0.000840754
18.9834,0.000838076
18.9831,0.000835368
18.9827,0.000836183
18.9823,0.000829992
18.982,0.000827264
18.9816,0.00082458
18.9813,0.00082188
18.9809,0.000826123
18.9805,0.000816455
18.9802,0.000813711
18.9798,0.000811012
18.9794,0.000808268
18.9791,0.000805524
18.9787,0.000806294
18.9784,0.000800036
18.978,0.000797313
18.9776,0.000794572
18.9773,0.000791859
18.9769,0.000789069
18.9766,0.000786275
18.9762,0.00078356
18.9758,0.000784296
18.9755,0.00077799
18.9751,0.000775193
18.9748,0.000772438
18.9744,0.000769963
18.974,0.000766896
18.9737,0.000792167
18.9733,0.000761268
18.973,0.000762059
18.9726,0.000755724
18.9722,0.000752881
18.9719,0.000750049
18.9715,0.000747287
18.9712,0.000744518
18.9708,0.000745136
18.9704,0.000745795
18.9701,0.000735977
18.9697,0.000733183
18.9694,0.000730308
18.969,0.000727475
18.9686,0.000724693
18.9683,0.000721751
18.9679,0.0007189
18.9676,0.000716096
18.9672,0.000713283
18.9668,0.000710368
18.9665,0.000707519
18.9661,0.000708114
18.9658,0.000701776
18.9654,0.000698887
18.965,0.000695978
18.9647,0.000693112
18.9643,0.000700654
18.964,0.000687316
18.9636,0.000684464
18.9632,0.000684992
18.9629,0.000685526
18.9625,0.00068266
18.9622,0.000672809
18.9618,0.000673367
18.9614,0.000666956
18.9611,0.000664054
18.9607,0.000661115
18.9604,0.000658194
18.96,0.000655259
18.9596,0.00065228
18.9593,0.00064935
18.9589,0.000653326
18.9585,0.000650407
18.9582,0.000640534
18.9578,0.000644486
18.9575,0.000634603
18.9571,0.000631624
18.9568,0.000628631
18.9564,0.000625634
18.956,0.000622706
18.9557,0.000619694
18.9553,0.000620201
18.9549,0.000613728
18.9546,0.000610729
18.9543,0.00060807
18.9539,0.000604714
18.9535,0.000601698
18.9531,0.000598705
18.9528,0.000595678
18.9524,0.000599599
18.9521,0.00059661
18.9517,0.000586592
18.9513,0.00058359
18.951,0.000580571
18.9506,0.000584467
18.9503,0.000581394
18.9499,0.000571439
18.9495,0.000568368
18.9492,0.000565325
18.9488,0.000562231
18.9485,0.000559192
18.9481,0.000556098
18.9477,0.000553035
18.9474,0.000553435
18.947,0.000550339
18.9467,0.000547552
18.9463,0.000540719
18.9459,0.000537604
18.9456,0.000534543
18.9452,0.00053142
18.9449,0.000528264
18.9445,0.000525253
18.9441,0.000522076
18.9438,0.000518959
18.9434,0.000522816
18.9431,0.000512776
18.9427,0.000509626
18.9423,0.00050646
18.942,0.000503374
18.9416,0.000500182
18.9413,0.000504024
18.9409,0.000500899
18.9405,0.000497701
18.9402,0.000487592
18.9398,0.000484439
18.9395,0.000481284
18.9391,0.000478102
18.9387,0.000481879
18.9384,0.000471803
18.938,0.000468603
18.9377,0.000465367
18.9373,0.000462488
18.9369,0.000459036
18.9366,0.000455844
18.9362,0.00045265
18.9359,0.000449425
18.9355,0.000446191
18.9351,0.000442971
18.9348,0.000439728
18.9344,0.000436553
18.9341,0.000433302
18.9337,0.000430052
18.9333,0.000426842
18.933,0.000423606
18.9326,0.000423813
18.9323,0.000417105
18.9319,0.000413884
18.9315,0.000410592
18.9312,0.000407321
18.9308,0.000404069
18.9305,0.000400783
18.9301,0.000397508
18.9297,0.000394258
18.9294,0.000394781
18.929,0.000387692
18.9287,0.000384434
18.9283,0.000381075
18.9279,0.000384811
18.9276,0.000374524
18.9272,0.000371183
18.9269,0.000367894
18.9265,0.000364639
18.9261,0.000361225
18.9258,0.000357941
18.9254,0.000354673
18.9251,0.000351312
18.9247,0.000351417
18.9243,0.000348042
18.924,0.000341248
18.9236,0.000337921
18.9232,0.000334569
18.9229,0.000331209
18.9225,0.000327867
18.9222,0.000324489
18.9218,0.000321077
18.9214,0.000317688
18.9211,0.000317857
18.9207,0.000310963
18.9204,0.000307533
18.92,0.000304158
18.9196,0.000300791
18.9193,0.000297335
18.9189,0.000293889
18.9186,0.000290601
18.9182,0.000287198
18.9179,0.000297895
18.9175,0.000280334
18.9171,0.000276892
18.9168,0.000276919
18.9164,0.000270034
18.916,0.00026663
18.9157,0.00026319
18.9153,0.00025971
18.915,0.00025626
18.9146,0.000252826
18.9142,0.000249356
18.9139,0.000245934
18.9135,0.000242482
18.9132,0.000238957
18.9128,0.000235474
18.9124,0.000231993
18.9121,0.000228532
18.9117,0.000225037
18.9114,0.000221507
18.911,0.000218031
18.9107,0.000214896
18.9103,0.00021102
18.9099,0.000210955
18.9095,0.000214352
18.9092,0.000200463
18.9088,0.000196916
18.9085,0.000193426
18.9081,0.000193387
18.9077,0.000196772
18.9074,0.000182761
18.907,0.000179225
18.9067,0.00017571
18.9063,0.000172167
18.906,0.000168609
18.9056,0.000165023
18.9052,0.000161445
18.9049,0.000161391
18.9045,0.000161204
18.9042,0.000150725
18.9038,0.00014715
18.9034,0.000143546
18.9031,0.000139963
18.9027,0.000136386
18.9023,0.000139692
18.902,0.000129134
18.9016,0.000125539
18.9013,0.0001499
18.9009,0.000121688
18.9006,0.00011816
18.9002,0.000114545
18.8998,0.000110887
18.8995,0.000103815
18.8991,0.000100154
18.8988,9.65154e-05
18.8984,9.28196e-05
18.898,8.91708e-05
18.8977,8.54958e-05
18.8973,8.18728e-05
18.897,7.81887e-05
18.8966,7.452e-05
18.8962,7.07991e-05
18.8959,6.71696e-05
18.8955,7.03578e-05
18.8952,5.97337e-05
18.8948,5.61005e-05
18.8944,5.24095e-05
18.8941,4.86735e-05
18.8937,4.49961e-05
18.8933,4.47124e-05
18.893,4.4487e-05
18.8926,4.0806e-05
18.8923,3.00847e-05
18.8919,2.63771e-05
18.8916,2.26233e-05
18.8912,2.22947e-05
18.8908,1.8609e-05
18.8905,1.13546e-05
18.8901,7.68901e-06
18.8898,3.89961e-06
18.8894,8.22932e-08
18.889,-3.69699e-06
18.8887,-7.45402e-06
18.8883,-7.76386e-06
18.8879,-1.49808e-05
18.8876,-1.88173e-05
18.8872,-1.56194e-05
18.8869,-1.94897e-05
18.8865,-3.01893e-05
18.8861,-3.40011e-05
18.8858,-3.77607e-05
18.8854,-4.1597e-05
18.8851,-4.5424e-05
18.8847,-4.9261e-05
18.8843,-5.30838e-05
18.884,-5.69457e-05
18.8836,-6.07039e-05
18.8833,-6.45867e-05
18.8829,-6.84313e-05
18.8825,-7.22928e-05
18.8822,-7.61303e-05
18.8818,-7.99916e-05
18.8815,-8.38036e-05
18.8811,-8.77206e-05
18.8807,-8.81433e-05
18.8804,-9.54964e-05
18.88,-9.93382e-05
18.8797,-0.000103186
18.8793,-0.000107125
18.8789,-0.000111043
18.8786,-0.000114941
18.8782,-0.000118809
18.8779,-0.000122773
18.8775,-0.000126648
18.8771,-0.00012022
18.8768,-0.000131012
18.8764,-0.000138437
18.8761,-0.00014236
18.8757,-0.000146276
18.8753,-0.000150243
18.875,-0.000150707
18.8746,-0.000158132
18.8743,-0.000162037
18.8739,-0.000159148
18.8735,-0.000170034
18.8732,-0.000174017
18.8728,-0.000178015
18.8725,-0.000181891
18.8721,-0.000185936
18.8717,-0.000189924
18.8714,-0.000193906
18.871,-0.000197971
18.8707,-0.000201557
18.8703,-0.000205915
18.8699,-0.000209907
18.8696,-0.000213943
18.8692,-0.00021098
18.8689,-0.00021506
18.8685,-0.000215325
18.8681,-0.000230034
18.8678,-0.000234109
18.8674,-0.000238134
18.8671,-0.000242191
18.8667,-0.000246263
18.8663,-0.000250297
18.866,-0.000254396
18.8656,-0.000258383
18.8653,-0.000262484
18.8649,-0.00026315
18.8645,-0.000267212
18.8642,-0.000274849
18.8639,-0.000278489
18.8635,-0.000279101
18.8631,-0.000283597
18.8627,-0.000284265
18.8624,-0.000295263
18.862,-0.000299463
18.8617,-0.000303569
18.8613,-0.000307675
18.8609,-0.000311762
18.8606,-0.000315947
18.8602,-0.000320103
18.8599,-0.000324268
18.8595,-0.000328361
18.8591,-0.000332547
18.8588,-0.000329845
18.8584,-0.000333912
18.8581,-0.000344974
18.8577,-0.000349163
18.8573,-0.000353385
18.857,-0.000357595
18.8566,-0.000361758
18.8563,-0.000365971
18.8559,-0.000370172
18.8555,-0.000374311
18.8552,-0.000378524
18.8548,-0.000382733
18.8544,-0.000380076
18.8541,-0.000391186
18.8537,-0.000395399
18.8534,-0.000399631
18.853,-0.000403902
18.8527,-0.000408188
18.8523,-0.000412402
18.852,-0.000405412
18.8516,-0.000420879
18.8512,-0.000425156
18.8509,-0.000429408
18.8505,-0.000433705
18.8501,-0.000437991
18.8498,-0.000438828
18.8494,-0.000446513
18.8491,-0.000450794
18.8487,-0.000454692
18.8483,-0.000459445
18.848,-0.000463741
18.8476,-0.000464585
18.8473,-0.000472339
18.8469,-0.000476714
18.8465,-0.000480998
18.8462,-0.000485337
18.8458,-0.000486255
18.8455,-0.000490564
18.8451,-0.000498377
18.8447,-0.000502703
18.8444,-0.00050707
18.844,-0.000504514
18.8437,-0.000515808
18.8433,-0.000520174
18.8429,-0.00052457
18.8426,-0.000528896
18.8422,-0.000533246
18.8418,-0.000530809
18.8415,-0.000542037
18.8411,-0.000546466
18.8408,-0.000543963
18.8404,-0.000544912
18.84,-0.000556312
18.8397,-0.000564129
18.8393,-0.000568491
18.839,-0.000572956
18.8386,-0.000577381
18.8383,-0.000581853
18.8379,-0.000586275
18.8375,-0.000590748
18.8372,-0.000595173
18.8368,-0.00059965
18.8365,-0.000604076
18.8361,-0.000608609
18.8357,-0.000613065
18.8354,-0.000617525
18.835,-0.000621978
18.8347,-0.000626506
18.8343,-0.000631053
18.8339,-0.000635551
18.8336,-0.00064006
18.8332,-0.000641049
18.8329,-0.000649073
18.8325,-0.000646658
18.8321,-0.000654661
18.8318,-0.000662592
18.8314,-0.00066715
18.8311,-0.000671695
18.8307,-0.000676266
18.8303,-0.000680865
18.83,-0.000685361
18.8296,-0.000689919
18.8293,-0.000694436
18.8289,-0.000699106
18.8285,-0.000703594
18.8282,-0.000708196
18.8278,-0.000712754
18.8275,-0.000717329
18.8271,-0.000721942
18.8267,-0.000723091
18.8264,-0.000731186
18.826,-0.000735759
18.8257,-0.000740375
18.8253,-0.000744983
18.8249,-0.000749678
18.8246,-0.000754261
18.8242,-0.000758945
18.8239,-0.000763563
18.8235,-0.000768206
18.8231,-0.000772887
18.8228,-0.000777495
18.8224,-0.00078211
18.8221,-0.000786848
18.8217,-0.00079153
18.8213,-0.000796173
18.821,-0.00080091
18.8206,-0.000805633
18.8203,-0.00081022
18.8199,-0.000808054
18.8195,-0.00081967
18.8192,-0.000824382
18.8188,-0.000829093
18.8185,-0.000833817
18.8181,-0.000838544
18.8177,-0.000843276
18.8174,-0.000848021
18.817,-0.000849273
18.8166,-0.000854055
18.8163,-0.000862304
18.8159,-0.000866987
18.8156,-0.000871773
18.8152,-0.000876563
18.8149,-0.000881292
18.8145,-0.000886106
18.8141,-0.000890922
18.8138,-0.000895608
18.8134,-0.000900408
18.8131,-0.000905227
18.8127,-0.000910004
18.8123,-0.00091487
18.812,-0.000916236
18.8116,-0.000920992
18.8112,-0.00092935
18.8109,-0.000934117
18.8106,-0.000938555
18.8102,-0.000943779
18.8098,-0.000948635
18.8094,-0.000953555
18.8091,-0.000958351
18.8087,-0.000963205
18.8084,-0.000968129
18.808,-0.000972986
18.8077,-0.000977814
18.8073,-0.000972455
18.8069,-0.000987621
18.8066,-0.000992508
18.8062,-0.000997431
18.8059,-0.00100229
18.8055,-0.00100716
18.8051,-0.00101214
18.8048,-0.00101704
18.8044,-0.00102198
18.8041,-0.00102692
18.8037,-0.00103144
18.8033,-0.00103332
18.803,-0.0010418
18.8026,-0.00104675
18.8022,-0.00104482
18.8019,-0.00105657
18.8015,-0.00106157
18.8012,-0.00106658
18.8008,-0.00107158
18.8005,-0.00107651
18.8001,-0.00107811
18.7997,-0.00107969
18.7994,-0.00108455
18.799,-0.0010965
18.7987,-0.00110151
18.7983,-0.00110649
18.7979,-0.00111159
18.7976,-0.00111313
18.7972,-0.00112168
18.7969,-0.00112663
18.7965,-0.00113174
18.7961,-0.00113677
18.7958,-0.00114184
18.7954,-0.00114687
18.7951,-0.00115198
18.7947,-0.00115703
18.7943,-0.00116208
18.794,-0.00116712
18.7936,-0.00116888
18.7932,-0.00117385
18.7929,-0.00117209
18.7925,-0.00118761
18.7922,-0.00119267
18.7918,-0.00119779
18.7915,-0.00120294
18.7911,-0.00120807
18.7907,-0.00121322
18.7904,-0.00121829
18.79,-0.00122339
18.7897,-0.00122855
18.7893,-0.00123026
18.7889,-0.00123198
18.7886,-0.00123722
18.7882,-0.00124926
18.7879,-0.00125438
18.7875,-0.00125962
18.7871,-0.00126475
18.7868,-0.00126941
18.7864,-0.00127513
18.7861,-0.00128039
18.7857,-0.00128213
18.7853,-0.00128393
18.785,-0.00129601
18.7846,-0.00130123
18.7843,-0.00130653
18.7839,-0.00131169
18.7835,-0.00131693
18.7832,-0.00132223
18.7828,-0.00132738
18.7825,-0.0013327
18.7821,-0.00133797
18.7817,-0.00133974
18.7814,-0.0013485
18.781,-0.0013538
18.7806,-0.00135226
18.7803,-0.00136435
18.7799,-0.00136966
18.7796,-0.001375
18.7792,-0.00138028
18.7789,-0.00138563
18.7785,-0.00139096
18.7781,-0.00139629
18.7778,-0.00140163
18.7774,-0.00140341
18.7771,-0.00141231
18.7767,-0.00141769
18.7763,-0.00141958
18.776,-0.00142485
18.7756,-0.0014337
18.7753,-0.00143907
18.7749,-0.00144442
18.7745,-0.00144979
18.7742,-0.00145524
18.7738,-0.00145718
18.7734,-0.00145908
18.7731,-0.00147151
18.7727,-0.00146997
18.7724,-0.00148225
18.772,-0.00148076
18.7716,-0.0014862
18.7713,-0.00149858
18.7709,-0.00150398
18.7706,-0.00150942
18.7702,-0.00150048
18.7699,-0.00152036
18.7695,-0.0015258
18.7691,-0.00153126
18.7688,-0.00153677
18.7684,-0.0015388
18.7681,-0.00154769
18.7677,-0.00155317
18.7673,-0.00155867
18.767,-0.00156417
18.7666,-0.00156971
18.7663,-0.00157519
18.7659,-0.00158073
18.7655,-0.00158626
18.7652,-0.00158154
18.7648,-0.00159729
18.7645,-0.00159945
18.7641,-0.00160498
18.7637,-0.00161395
18.7634,-0.00161948
18.763,-0.00162505
18.7627,-0.00163062
18.7623,-0.00162884
18.7619,-0.00163488
18.7616,-0.00164744
18.7612,-0.00165301
18.7609,-0.00165853
18.7605,-0.00166418
18.7601,-0.00166982
18.7598,-0.00166864
18.7594,-0.00168098
18.7591,-0.00168663
18.7587,-0.00169233
18.7583,-0.00169109
18.758,-0.00170364
18.7576,-0.00170923
18.7573,-0.00171498
18.7569,-0.0017206
18.7565,-0.00172286
18.7562,-0.00172856
18.7558,-0.0017376
18.7555,-0.00174332
18.7551,-0.00174899
18.7547,-0.00175471
18.7544,-0.00176048
18.754,-0.00176614
18.7537,-0.00177186
18.7533,-0.0017776
18.7529,-0.00178334
18.7526,-0.00178555
18.7522,-0.00179132
18.7519,-0.0018005
18.7515,-0.00180624
18.7511,-0.00181201
18.7508,-0.00181089
18.7504,-0.00181673
18.7501,-0.00182934
18.7497,-0.00183512
18.7493,-0.00184093
18.749,-0.00183243
18.7486,-0.00185257
18.7483,-0.00185838
18.7479,-0.00186413
18.7475,-0.00186997
18.7472,-0.00187573
18.7468,-0.00188155
18.7465,-0.00188734
18.7461,-0.0018933
18.7457,-0.00189229
18.7454,-0.00189818
18.745,-0.00191087
18.7447,-0.00191668
18.7443,-0.00192256
18.7439,-0.00192857
18.7436,-0.00193432
18.7432,-0.00194027
18.7429,-0.00194616
18.7425,-0.00194173
18.7421,-0.00195793
18.7418,-0.00196391
18.7414,-0.0019698
18.7411,-0.0019757
18.7407,-0.00198164
18.7403,-0.00198762
18.74,-0.00199357
18.7396,-0.00199949
18.7393,-0.00200543
18.7389,-0.00201147
18.7385,-0.00201739
18.7382,-0.0020234
18.7378,-0.00202927
18.7375,-0.00203191
18.7371,-0.00202014
18.7368,-0.00204735
18.7364,-0.00205343
18.736,-0.00205248
18.7357,-0.00205856
18.7353,-0.00207144
18.735,-0.00207745
18.7346,-0.00208004
18.7342,-0.00208948
18.7339,-0.00209562
18.7335,-0.00210156
18.7332,-0.00210763
18.7328,-0.00211376
18.7324,-0.00211635
18.7321,-0.00212588
18.7317,-0.002132
18.7313,-0.00213469
18.731,-0.0021407
18.7306,-0.00215025
18.7303,-0.00215638
18.7299,-0.00216252
18.7296,-0.00216864
18.7292,-0.00217476
18.7288,-0.00218092
18.7285,-0.00218701
18.7281,-0.0021932
18.7278,-0.00219591
18.7274,-0.00220551
18.727,-0.0022117
18.7267,-0.00221781
18.7263,-0.00222402
18.726,-0.0022302
18.7256,-0.00223646
18.7252,-0.00224258
18.7249,-0.00224878
18.7245,-0.00225502
18.7242,-0.00226114
18.7238,-0.0022674
18.7234,-0.00227369
18.7231,-0.00227995
18.7227,-0.00228614
18.7224,-0.00229231
18.722,-0.00229865
18.7216,-0.00230489
18.7213,-0.00231112
18.7209,-0.0023175
18.7206,-0.00232375
18.7202,-0.00233
18.7198,-0.00233632
18.7195,-0.00234254
18.7191,-0.00234545
18.7188,-0.00235181
18.7184,-0.00236153
18.718,-0.0023679
18.7177,-0.0023742
18.7173,-0.00238059
18.717,-0.00238688
18.7166,-0.00239325
18.7162,-0.00239957
18.7159,-0.00240589
18.7155,-0.0024123
18.7152,-0.00241517
18.7148,-0.00242499
18.7144,-0.00243142
18.7141,-0.00243781
18.7137,-0.00244422
18.7134,-0.00245061
18.713,-0.00245703
18.7126,-0.00246351
18.7123,-0.0024664
18.712,-0.0024723
18.7116,-0.00248275
18.7112,-0.00248925
18.7108,-0.00249563
18.7105,-0.00250214
18.7101,-0.00250863
18.7098,-0.00251504
18.7094,-0.00251471
18.7091,-0.00252801
18.7087,-0.00253449
18.7083,-0.00254102
18.708,-0.00254754
18.7076,-0.00255394
18.7073,-0.00256054
18.7069,-0.00256022
18.7065,-0.00257361
18.7062,-0.00257664
18.7058,-0.00258669
18.7055,-0.00259318
18.7051,-0.00259975
18.7047,-0.00260626
18.7044,-0.00261295
18.704,-0.00261943
18.7037,-0.00262607
18.7033,-0.00263259
18.7029,-0.0026392
18.7026,-0.00263902
18.7022,-0.00265238
18.7019,-0.00265903
18.7015,-0.00266568
18.7011,-0.00267229
18.7008,-0.00267902
18.7004,-0.00268563
18.7001,-0.00269218
18.6997,-0.00269883
18.6993,-0.0027056
18.699,-0.0027122
18.6986,-0.00271541
18.6983,-0.00272556
18.6979,-0.0027322
18.6975,-0.00273543
18.6972,-0.0027456
18.6968,-0.00275229
18.6965,-0.002759
18.6961,-0.00276569
18.6957,-0.00277245
18.6954,-0.00277922
18.695,-0.00277913
18.6947,-0.00279274
18.6943,-0.0027994
18.6939,-0.00280621
18.6936,-0.00281292
18.6932,-0.00281968
18.6929,-0.00282658
18.6925,-0.00282981
18.6921,-0.00284004
18.6918,-0.0028469
18.6914,-0.0028537
18.6911,-0.00285711
18.6907,-0.00286724
18.6903,-0.00286388
18.69,-0.00288089
18.6896,-0.00288101
18.6893,-0.00288782
18.6889,-0.00289456
18.6886,-0.00290833
18.6882,-0.00291518
18.6878,-0.00292204
18.6875,-0.00292552
18.6871,-0.00292896
18.6868,-0.00294268
18.6864,-0.00294959
18.686,-0.00295312
18.6857,-0.00296343
18.6853,-0.0029703
18.685,-0.00297726
18.6846,-0.0029842
18.6842,-0.00299117
18.6839,-0.00299806
18.6835,-0.00300503
18.6832,-0.00301207
18.6828,-0.00301898
18.6824,-0.00302597
18.6821,-0.00303293
18.6817,-0.00303996
18.6814,-0.0030469
18.681,-0.00305392
18.6806,-0.00306098
18.6803,-0.00306458
18.6799,-0.0030681
18.6796,-0.00307516
18.6792,-0.00308223
18.6788,-0.00308576
18.6785,-0.0031031
18.6781,-0.00311017
18.6778,-0.00311719
18.6774,-0.00312431
18.677,-0.00313127
18.6767,-0.00313842
18.6763,-0.00314547
18.676,-0.00315262
18.6756,-0.00315301
18.6752,-0.00316677
18.6749,-0.00316707
18.6745,-0.00318108
18.6742,-0.00318826
18.6738,-0.00319533
18.6734,-0.00320242
18.6731,-0.00320953
18.6727,-0.0032168
18.6724,-0.00322403
18.672,-0.00323109
18.6717,-0.00323829
18.6713,-0.00324546
18.6709,-0.00325261
18.6706,-0.00325987
18.6702,-0.00326711
18.6699,-0.00327424
18.6695,-0.00328145
18.6691,-0.0032887
18.6688,-0.00329594
18.6684,-0.00327858
18.6681,-0.00331051
18.6677,-0.00331766
18.6673,-0.00332146
18.667,-0.00333228
18.6666,-0.00333947
18.6663,-0.00334678
18.6659,-0.00335411
18.6655,-0.00335113
18.6652,-0.00336866
18.6648,-0.00337609
18.6645,-0.00338333
18.6641,-0.00339059
18.6637,-0.00339794
18.6634,-0.00340191
18.663,-0.00340914
18.6627,-0.00342002
18.6623,-0.00342733
18.6619,-0.00343476
18.6616,-0.00344201
18.6612,-0.00344945
18.6609,-0.00345683
18.6605,-0.00346424
18.6601,-0.00347168
18.6598,-0.00347911
18.6594,-0.00348309
18.6591,-0.00349392
18.6587,-0.00350138
18.6583,-0.00350877
18.658,-0.00351284
18.6576,-0.00352031
18.6573,-0.00352775
18.6569,-0.00353856
18.6566,-0.00354609
18.6562,-0.00355009
18.6558,-0.00356102
18.6555,-0.0035617
18.6551,-0.00356911
18.6547,-0.0035767
18.6544,-0.00359101
18.654,-0.0035985
18.6537,-0.00360612
18.6533,-0.00361017
18.653,-0.00361689
18.6526,-0.0036253
18.6522,-0.00363285
18.6519,-0.00364042
18.6515,-0.00365146
18.6512,-0.00365908
18.6508,-0.00366666
18.6504,-0.00367411
18.6501,-0.00368175
18.6497,-0.00368932
18.6494,-0.00369698
18.649,-0.00370459
18.6486,-0.00370544
18.6483,-0.00372
18.6479,-0.0037276
18.6476,-0.00373518
18.6472,-0.00373947
18.6468,-0.00375059
18.6465,-0.00375821
18.6461,-0.00376589
18.6458,-0.00377353
18.6454,-0.00378121
18.6451,-0.00378897
18.6447,-0.00379673
18.6443,-0.00380436
18.644,-0.00381211
18.6436,-0.0038199
18.6433,-0.00382768
18.6429,-0.00383192
18.6425,-0.00384309
18.6422,-0.0038441
18.6418,-0.00385188
18.6414,-0.00385961
18.6411,-0.00387425
18.6407,-0.00388202
18.6404,-0.00388973
18.64,-0.00389413
18.6397,-0.00390539
18.6393,-0.00390636
18.6389,-0.0039142
18.6386,-0.00392189
18.6382,-0.00393329
18.6379,-0.0039446
18.6375,-0.00395248
18.6371,-0.00396035
18.6368,-0.00395798
18.6364,-0.00397602
18.6361,-0.00398397
18.6357,-0.00399187
18.6353,-0.00399977
18.635,-0.00400762
18.6346,-0.00401566
18.6343,-0.00402352
18.6339,-0.00403143
18.6336,-0.00403936
18.6332,-0.00404729
18.6328,-0.00405531
18.6325,-0.00406322
18.6321,-0.00407123
18.6318,-0.00407919
18.6314,-0.00408707
18.631,-0.00409519
18.6307,-0.00409633
18.6303,-0.00410434
18.63,-0.00411917
18.6296,-0.00409554
18.6292,-0.00413522
18.6289,-0.00414322
18.6285,-0.00415118
18.6282,-0.00415932
18.6278,-0.00416737
18.6274,-0.00417555
18.6271,-0.00418359
18.6267,-0.00419163
18.6264,-0.0041997
18.626,-0.00420783
18.6256,-0.00421586
18.6253,-0.00421732
18.6249,-0.0042252
18.6246,-0.00424028
18.6242,-0.00424835
18.6238,-0.00425653
18.6235,-0.00426479
18.6232,-0.00425828
18.6228,-0.00428106
18.6224,-0.00428916
18.6221,-0.00429748
18.6217,-0.00430556
18.6213,-0.00431375
18.621,-0.00432197
18.6206,-0.00433024
18.6203,-0.00433837
18.6199,-0.00434319
18.6195,-0.00435135
18.6192,-0.00436316
18.6188,-0.00437135
18.6185,-0.00437954
18.6181,-0.0043878
18.6177,-0.00439609
18.6174,-0.00440438
18.617,-0.00441273
18.6167,-0.00442102
18.6163,-0.00442935
18.6159,-0.00443755
18.6156,-0.00444587
18.6152,-0.0044542
18.6149,-0.00445933
18.6145,-0.00446752
18.6141,-0.00447588
18.6138,-0.00448076
18.6134,-0.0044892
18.6131,-0.0045011
18.6127,-0.00451285
18.6124,-0.00452117
18.612,-0.00452957
18.6116,-0.00453794
18.6113,-0.00454627
18.6109,-0.00455478
18.6106,-0.00456319
18.6102,-0.00456481
18.6098,-0.00457322
18.6095,-0.00458166
18.6091,-0.00458252
18.6088,-0.00460543
18.6084,-0.00461037
18.608,-0.00462237
18.6077,-0.0046309
18.6073,-0.00463936
18.607,-0.00464791
18.6066,-0.00465639
18.6062,-0.00466493
18.6059,-0.00467345
18.6055,-0.00468197
18.6052,-0.00469044
18.6048,-0.00469904
18.6044,-0.00470765
18.6041,-0.00471611
18.6037,-0.00472475
18.6034,-0.00473339
18.603,-0.00474196
18.6027,-0.0047505
18.6023,-0.00475911
18.6019,-0.00476773
18.6016,-0.00477638
18.6012,-0.00478498
18.6009,-0.00479369
18.6005,-0.00480143
18.6002,-0.00480918
18.5998,-0.00481622
18.5994,-0.00482495
18.5991,-0.00483359
18.5987,-0.00484557
18.5983,-0.0048544
18.598,-0.00486308
18.5977,-0.00487089
18.5973,-0.00488048
18.5969,-0.00488922
18.5965,-0.00489795
18.5962,-0.00490672
18.5958,-0.00491543
18.5955,-0.00492422
18.5951,-0.00493296
18.5948,-0.00494172
18.5944,-0.00495048
18.594,-0.00495923
18.5937,-0.00496812
18.5933,-0.00497693
18.593,-0.00498565
18.5926,-0.00499451
18.5922,-0.00500337
18.5919,-0.00501212
18.5915,-0.00502105
18.5912,-0.00502986
18.5908,-0.00503204
18.5904,-0.0050476
18.5901,-0.00504977
18.5897,-0.00506534
18.5894,-0.00507424
18.589,-0.0050798
18.5886,-0.00509215
18.5883,-0.005101
18.588,-0.00510908
18.5876,-0.00511891
18.5872,-0.00512785
18.5869,-0.00513675
18.5865,-0.00514226
18.5861,-0.0051547
18.5858,-0.00516375
18.5854,-0.00517264
18.5851,-0.00518164
18.5847,-0.00519068
18.5843,-0.00519974
18.584,-0.00520864
18.5836,-0.00521772
18.5833,-0.00522676
18.5829,-0.00523581
18.5825,-0.00524485
18.5822,-0.00525396
18.5818,-0.005263
18.5815,-0.00527211
18.5811,-0.00528111
18.5807,-0.00529031
18.5804,-0.00529924
18.58,-0.00530834
18.5797,-0.00531756
18.5793,-0.00532666
18.5789,-0.00533243
18.5786,-0.00534161
18.5782,-0.00534726
18.5779,-0.0053633
18.5775,-0.00537245
18.5772,-0.00538156
18.5768,-0.00539084
18.5764,-0.00539992
18.5761,-0.00540913
18.5757,-0.00541825
18.5754,-0.00542751
18.575,-0.00543577
18.5746,-0.00544606
18.5743,-0.00545526
18.5739,-0.00546447
18.5736,-0.00547384
18.5732,-0.00548309
18.5728,-0.00549237
18.5725,-0.00550163
18.5721,-0.00551091
18.5718,-0.00552023
18.5714,-0.0055295
18.5711,-0.00553889
18.5707,-0.00554818
18.5703,-0.00555743
18.57,-0.00556677
18.5696,-0.00557614
18.5693,-0.00558555
18.5689,-0.00559495
18.5685,-0.00559742
18.5682,-0.00561366
18.5678,-0.00562298
18.5675,-0.00563245
18.5671,-0.00564187
18.5667,-0.00565131
18.5664,-0.00566061
18.566,-0.00567008
18.5657,-0.00567956
18.5653,-0.00568897
18.565,-0.0056985
18.5646,-0.00570797
18.5642,-0.00571745
18.5639,-0.00572691
18.5635,-0.00573635
18.5632,-0.00574592
18.5628,-0.00575549
18.5624,-0.00576485
18.5621,-0.00577443
18.5617,-0.00578397
18.5614,-0.00579343
18.561,-0.00580307
18.5606,-0.00581264
18.5603,-0.00579088
18.5599,-0.0058318
18.5596,-0.00584137
18.5592,-0.005851
18.5589,-0.00586063
18.5585,-0.00587024
18.5581,-0.00587971
18.5578,-0.00588936
18.5574,-0.00589236
18.5571,-0.00590877
18.5567,-0.00591833
18.5563,-0.00592804
18.556,-0.0059376
18.5556,-0.00594737
18.5553,-0.00593899
18.5549,-0.00596682
18.5545,-0.00597646
18.5542,-0.0059862
18.5538,-0.00599583
18.5535,-0.00599878
18.5531,-0.00601545
18.5528,-0.0060251
18.5524,-0.00603474
18.552,-0.00604469
18.5517,-0.00605101
18.5513,-0.00606433
18.551,-0.00607415
18.5506,-0.00608395
18.5502,-0.00609024
18.5499,-0.0060966
18.5495,-0.00610661
18.5492,-0.00612307
18.5488,-0.00613294
18.5484,-0.00614278
18.5481,-0.00615274
18.5478,-0.0061514
18.5474,-0.00617243
18.547,-0.00618231
18.5467,-0.00619221
18.5463,-0.0062021
18.5459,-0.00621204
18.5456,-0.00622203
18.5452,-0.00623195
18.5449,-0.00624079
18.5445,-0.00625177
18.5441,-0.00626166
18.5438,-0.00627177
18.5434,-0.00628167
18.5431,-0.00628497
18.5427,-0.00629499
18.5423,-0.0063118
18.542,-0.0063217
18.5416,-0.00633169
18.5413,-0.00634183
18.5409,-0.00635178
18.5406,-0.00636182
18.5402,-0.00637191
18.5398,-0.00638216
18.5395,-0.00639206
18.5391,-0.00640208
18.5388,-0.00641238
18.5384,-0.00642236
18.538,-0.00643248
18.5377,-0.00643914
18.5373,-0.00645269
18.537,-0.0064628
18.5366,-0.00647287
18.5362,-0.0064832
18.5359,-0.00649324
18.5355,-0.0065034
18.5352,-0.00651371
18.5348,-0.00652381
18.5345,-0.00653402
18.5341,-0.00654431
18.5337,-0.0065478
18.5334,-0.00656468
18.533,-0.00657483
18.5327,-0.00658519
18.5323,-0.0065955
18.5319,-0.0066022
18.5316,-0.00660922
18.5312,-0.00662622
18.5309,-0.00663652
18.5305,-0.00664686
18.5302,-0.00665711
18.5298,-0.00666424
18.5294,-0.00667112
18.5291,-0.00668821
18.5287,-0.00669853
18.5284,-0.00670872
18.528,-0.00671578
18.5276,-0.00672953
18.5273,-0.0067399
18.5269,-0.00675035
18.5266,-0.00676056
18.5262,-0.00677108
18.5258,-0.0067816
18.5255,-0.00679206
18.5251,-0.00680249
18.5248,-0.00681292
18.5244,-0.00682336
18.5241,-0.00683383
18.5237,-0.00684426
18.5233,-0.00685477
18.523,-0.00686532
18.5226,-0.00687559
18.5223,-0.00688302
18.5219,-0.00689679
18.5215,-0.00690728
18.5212,-0.00691454
18.5208,-0.00692496
18.5205,-0.0069357
18.5201,-0.00694838
18.5197,-0.00695674
18.5194,-0.00696721
18.519,-0.0069744
18.5187,-0.00698167
18.5183,-0.00700254
18.518,-0.00701315
18.5176,-0.00702374
18.5172,-0.0070344
18.5169,-0.00703822
18.5165,-0.00705572
18.5162,-0.00706642
18.5158,-0.00707015
18.5154,-0.00707739
18.5151,-0.00709839
18.5147,-0.00710912
18.5144,-0.00711971
18.514,-0.00712381
18.5137,-0.00714132
18.5133,-0.00715206
18.5129,-0.00716281
18.5126,-0.00716678
18.5122,-0.00718428
18.5119,-0.00719397
18.5115,-0.00720593
18.5112,-0.00720889
18.5108,-0.00722733
18.5104,-0.00723833
18.5101,-0.00724901
18.5097,-0.00725311
18.5094,-0.00727082
18.509,-0.00727826
18.5086,-0.00729254
18.5083,-0.0073033
18.5079,-0.00731417
18.5076,-0.00732506
18.5072,-0.00733606
18.5068,-0.00734691
18.5065,-0.00735784
18.5061,-0.00736878
18.5058,-0.00737641
18.5054,-0.00738397
18.505,-0.00739485
18.5047,-0.00741264
18.5043,-0.0074235
18.504,-0.00743464
18.5036,-0.00744556
18.5033,-0.00745658
18.5029,-0.00746425
18.5026,-0.00745727
18.5022,-0.00748965
18.5018,-0.00750057
18.5015,-0.00750155
18.5011,-0.00752277
18.5007,-0.00753386
18.5004,-0.00754496
18.5,-0.00754907
18.4997,-0.00756718
18.4993,-0.00757822
18.499,-0.00758471
18.4986,-0.00760057
18.4982,-0.00761164
18.4979,-0.0076161
18.4975,-0.00763391
18.4972,-0.00764507
18.4968,-0.00765631
18.4964,-0.00766741
18.4961,-0.00767867
18.4957,-0.00768981
18.4954,-0.00770113
18.495,-0.00771239
18.4947,-0.00772368
18.4943,-0.00773487
18.4939,-0.00774608
18.4936,-0.00775743
18.4932,-0.00776859
18.4929,-0.00777992
18.4925,-0.00779118
18.4921,-0.00780254
18.4918,-0.00781381
18.4914,-0.00782511
18.4911,-0.00783651
18.4907,-0.00784437
18.4904,-0.00785916
18.49,-0.00787052
18.4897,-0.00788081
18.4893,-0.00788999
18.4889,-0.00790136
18.4886,-0.00790917
18.4882,-0.0079173
18.4878,-0.00793888
18.4875,-0.00795041
18.4871,-0.00796182
18.4868,-0.00797322
18.4864,-0.00798468
18.4861,-0.00799613
18.4857,-0.00800772
18.4853,-0.00801918
18.485,-0.00802726
18.4846,-0.00803871
18.4843,-0.00805017
18.4839,-0.00806526
18.4835,-0.00807669
18.4832,-0.00808824
18.4828,-0.0080997
18.4825,-0.00811136
18.4821,-0.00812304
18.4818,-0.00813454
18.4814,-0.00814614
18.481,-0.00815763
18.4807,-0.00816934
18.4803,-0.00818088
18.48,-0.00819267
18.4796,-0.00820425
18.4793,-0.00821585
18.4789,-0.00822749
18.4785,-0.00823931
18.4782,-0.00825088
18.4778,-0.00824157
18.4775,-0.00827449
18.4771,-0.00828269
18.4767,-0.00829777
18.4764,-0.00830959
18.476,-0.00832141
18.4757,-0.008333
18.4753,-0.0083448
18.4749,-0.00834987
18.4746,-0.00836832
18.4742,-0.00838016
18.4739,-0.0083919
18.4735,-0.00839707
18.4732,-0.00841218
18.4728,-0.00842733
18.4724,-0.00843922
18.4721,-0.00845113
18.4717,-0.0084563
18.4714,-0.00847499
18.471,-0.00848676
18.4707,-0.00849521
18.4703,-0.00851065
18.4699,-0.00852255
18.4696,-0.0085346
18.4692,-0.00854652
18.4689,-0.00855833
18.4685,-0.00857037
18.4682,-0.00858101
18.4678,-0.00859416
18.4674,-0.00860623
18.4671,-0.00861827
18.4667,-0.00863025
18.4664,-0.0086422
18.466,-0.00865309
18.4656,-0.00866639
18.4653,-0.00867843
18.4649,-0.00869043
18.4646,-0.00870253
18.4642,-0.00871455
18.4638,-0.00871672
18.4635,-0.00873892
18.4631,-0.00875095
18.4628,-0.00876301
18.4624,-0.00876833
18.4621,-0.00878743
18.4617,-0.00879939
18.4613,-0.00880824
18.461,-0.00882376
18.4606,-0.00883598
18.4603,-0.0088482
18.4599,-0.00886027
18.4596,-0.0088726
18.4592,-0.00888468
18.4588,-0.008897
18.4585,-0.00890928
18.4581,-0.0089217
18.4578,-0.00893385
18.4574,-0.0089427
18.457,-0.008955
18.4567,-0.00895288
18.4563,-0.0089831
18.456,-0.00899537
18.4556,-0.00900757
18.4553,-0.00901325
18.4549,-0.00903241
18.4545,-0.00904463
18.4542,-0.00905713
18.4538,-0.00906611
18.4535,-0.00908182
18.4531,-0.00909428
18.4528,-0.00910668
18.4524,-0.00911907
18.452,-0.00913166
18.4517,-0.00914066
18.4513,-0.00915316
18.451,-0.00916208
18.4506,-0.00918148
18.4502,-0.00919388
18.4499,-0.0092063
18.4495,-0.00921877
18.4492,-0.00922465
18.4488,-0.00924396
18.4485,-0.00925655
18.4481,-0.00926909
18.4477,-0.00928156
18.4474,-0.00929407
18.447,-0.00930675
18.4467,-0.00931587
18.4463,-0.00933201
18.446,-0.00934444
18.4456,-0.00935727
18.4452,-0.00936962
18.4449,-0.00938249
18.4445,-0.00939517
18.4442,-0.00940787
18.4438,-0.00942048
18.4434,-0.00943318
18.4431,-0.00944591
18.4427,-0.00945536
18.4424,-0.00946468
18.442,-0.009484
18.4417,-0.009497
18.4413,-0.00950971
18.4409,-0.00952229
18.4406,-0.00953519
18.4402,-0.00954795
18.4399,-0.00955735
18.4395,-0.00956889
18.4392,-0.00958645
18.4388,-0.00959925
18.4384,-0.00961208
18.4381,-0.00962477
18.4377,-0.00963101
18.4374,-0.00965068
18.437,-0.00964897
18.4367,-0.00967628
18.4363,-0.00968929
18.4359,-0.00970213
18.4356,-0.00970507
18.4352,-0.00972825
18.4349,-0.00973768
18.4345,-0.00975396
18.4341,-0.00976688
18.4338,-0.00977994
18.4334,-0.00979288
18.4331,-0.00980581
18.4327,-0.00981888
18.4324,-0.00983191
18.432,-0.00984495
18.4316,-0.00985803
18.4313,-0.00987109
18.4309,-0.00988417
18.4306,-0.00989714
18.4302,-0.00990365
18.4299,-0.00992346
18.4295,-0.00992983
18.4291,-0.00994303
18.4288,-0.00994474
18.4284,-0.00997593
18.4281,-0.00998928
18.4277,-0.0100023
18.4274,-0.0100156
18.427,-0.0100285
18.4266,-0.0100418
18.4263,-0.0100518
18.4259,-0.0100682
18.4256,-0.0100815
18.4252,-0.010088
18.4248,-0.0101013
18.4245,-0.0101214
18.4241,-0.0101346
18.4238,-0.0101479
18.4234,-0.0101612
18.4231,-0.0101745
18.4227,-0.0101877
18.4223,-0.010201
18.422,-0.0102144
18.4216,-0.0102213
18.4213,-0.0102413
18.4209,-0.0102547
18.4206,-0.010268
18.4202,-0.0102748
18.4198,-0.010288
18.4195,-0.0103082
18.4191,-0.0103215
18.4188,-0.0103319
18.4184,-0.0103386
18.4181,-0.010362
18.4177,-0.0103755
18.4173,-0.0103889
18.417,-0.0104025
18.4166,-0.0104159
18.4163,-0.0104295
18.4159,-0.010443
18.4156,-0.0104566
18.4152,-0.0104702
18.4148,-0.0104838
18.4145,-0.0104973
18.4141,-0.0105109
18.4138,-0.0105179
18.4134,-0.0105382
18.413,-0.010545
18.4127,-0.0105653
18.4123,-0.0105756
18.412,-0.0105925
18.4116,-0.0105996
18.4113,-0.0106201
18.4109,-0.0106338
18.4106,-0.0106474
18.4102,-0.0106611
18.4098,-0.0106749
18.4095,-0.0106886
18.4091,-0.0106956
18.4088,-0.0107094
18.4084,-0.0107298
18.408,-0.0107436
18.4077,-0.0107573
18.4073,-0.0107712
18.407,-0.0107851
18.4066,-0.0107989
18.4063,-0.0108128
18.4059,-0.0108265
18.4055,-0.0108404
18.4052,-0.0108544
18.4048,-0.0108681
18.4045,-0.0108508
18.4041,-0.0108896
18.4038,-0.0109033
18.4034,-0.0109238
18.403,-0.0109379
18.4027,-0.0109451
18.4023,-0.0109591
18.402,-0.0109765
18.4016,-0.0109936
18.4013,-0.0110077
18.4009,-0.0110215
18.4005,-0.0110356
18.4002,-0.0110498
18.3998,-0.0110637
18.3995,-0.0110777
18.3991,-0.011092
18.3988,-0.0110992
18.3984,-0.0111136
18.398,-0.0111342
18.3977,-0.011148
18.3973,-0.0111624
18.397,-0.0111766
18.3966,-0.0111908
18.3963,-0.0112049
18.3959,-0.0112191
18.3955,-0.0112333
18.3952,-0.0112476
18.3948,-0.0112549
18.3945,-0.0112759
18.3941,-0.0112901
18.3938,-0.0113044
18.3934,-0.0113186
18.393,-0.0113328
18.3927,-0.0113404
18.3923,-0.0113614
18.392,-0.0113758
18.3916,-0.01139
18.3913,-0.0114043
18.3909,-0.0114186
18.3905,-0.011433
18.3902,-0.0114475
18.3898,-0.0114619
18.3895,-0.0114763
18.3891,-0.0114906
18.3888,-0.0115016
18.3884,-0.0115194
18.388,-0.011534
18.3877,-0.0115484
18.3873,-0.0115628
18.387,-0.0115772
18.3866,-0.0115883
18.3863,-0.0116062
18.3859,-0.0116207
18.3855,-0.0116353
18.3852,-0.0116498
18.3848,-0.0116645
18.3845,-0.0116787
18.3841,-0.0116933
18.3838,-0.0117078
18.3834,-0.0117224
18.383,-0.0117374
18.3827,-0.0117518
18.3823,-0.0117664
18.382,-0.011781
18.3816,-0.0117956
18.3813,-0.0117888
18.3809,-0.0118249
18.3805,-0.0118398
18.3802,-0.0118543
18.3798,-0.0118689
18.3795,-0.0118804
18.3791,-0.0118985
18.3788,-0.0119132
18.3784,-0.0119281
18.378,-0.0119428
18.3777,-0.0119541
18.3773,-0.0119723
18.377,-0.0119771
18.3766,-0.0120019
18.3763,-0.0120135
18.3759,-0.0120315
18.3755,-0.0120465
18.3752,-0.0120615
18.3748,-0.0120761
18.3745,-0.0120876
18.3741,-0.0120959
18.3738,-0.0121209
18.3734,-0.0121358
18.373,-0.0121475
18.3727,-0.0121624
18.3723,-0.0121806
18.372,-0.0121922
18.3716,-0.0122106
18.3713,-0.0122254
18.3709,-0.0122373
18.3705,-0.012249
18.3702,-0.0122706
18.3698,-0.0122858
18.3695,-0.0123007
18.3691,-0.0123159
18.3688,-0.0123309
18.3684,-0.0123459
18.3681,-0.0123611
18.3677,-0.0123762
18.3673,-0.0123913
18.367,-0.0124032
18.3666,-0.0124216
18.3663,-0.0124367
18.3659,-0.012452
18.3656,-0.0124672
18.3652,-0.0124823
18.3648,-0.0124943
18.3645,-0.0125061
18.3641,-0.0125281
18.3638,-0.0125433
18.3634,-0.0125584
18.3631,-0.0125737
18.3627,-0.012589
18.3624,-0.0126042
18.362,-0.0126197
18.3616,-0.012635
18.3613,-0.0126503
18.3609,-0.0126622
18.3606,-0.0126776
18.3602,-0.0126898
18.3599,-0.0127117
18.3595,-0.0127271
18.3591,-0.0127426
18.3588,-0.012758
18.3584,-0.0127735
18.3581,-0.0127889
18.3577,-0.0128043
18.3574,-0.0128198
18.357,-0.0128352
18.3566,-0.0128508
18.3563,-0.0128663
18.3559,-0.0128817
18.3556,-0.0128974
18.3552,-0.0129013
18.3549,-0.0129285
18.3545,-0.0129438
18.3541,-0.0129596
18.3538,-0.0129752
18.3534,-0.0129874
18.3531,-0.0130062
18.3527,-0.0130188
18.3524,-0.0130377
18.352,-0.0130532
18.3517,-0.0130691
18.3513,-0.0130816
18.3509,-0.0130937
18.3506,-0.0131162
18.3502,-0.0131317
18.3499,-0.0131473
18.3495,-0.013163
18.3492,-0.0131789
18.3488,-0.0131914
18.3484,-0.0132104
18.3481,-0.0132264
18.3477,-0.0132389
18.3474,-0.0132579
18.347,-0.0132738
18.3467,-0.0132895
18.3463,-0.0133054
18.3459,-0.0133214
18.3456,-0.0133371
18.3452,-0.0133532
18.3449,-0.013369
18.3445,-0.0133785
18.3442,-0.0134009
18.3438,-0.0134165
18.3435,-0.0134329
18.3431,-0.0134489
18.3427,-0.0134648
18.3424,-0.0134776
18.342,-0.0134966
18.3417,-0.0135127
18.3413,-0.0135289
18.341,-0.0135446
18.3406,-0.0135609
18.3402,-0.0135768
18.3399,-0.0135929
18.3395,-0.0136091
18.3392,-0.0136251
18.3388,-0.0136414
18.3385,-0.0136575
18.3381,-0.0136668
18.3377,-0.0136798
18.3374,-0.013706
18.337,-0.0137157
18.3367,-0.0137383
18.3363,-0.0137514
18.336,-0.0137707
18.3356,-0.013787
18.3353,-0.0138016
18.3349,-0.0138195
18.3345,-0.0138358
18.3342,-0.0138521
18.3338,-0.0138616
18.3335,-0.0138779
18.3331,-0.0138943
18.3328,-0.0139106
18.3324,-0.0139337
18.3321,-0.01395
18.3317,-0.0139595
18.3313,-0.0139828
18.331,-0.0139991
18.3306,-0.0140154
18.3303,-0.0140319
18.3299,-0.0140485
18.3296,-0.0140649
18.3292,-0.0140814
18.3289,-0.0140977
18.3285,-0.0141111
18.3281,-0.0141308
18.3278,-0.0141475
18.3274,-0.0141638
18.3271,-0.0141805
18.3267,-0.014197
18.3263,-0.0142037
18.326,-0.0142302
18.3256,-0.0142466
18.3253,-0.0142634
18.3249,-0.0142799
18.3246,-0.0142967
18.3242,-0.0143133
18.3239,-0.0143299
18.3235,-0.0143465
18.3232,-0.0143633
18.3228,-0.0143734
18.3224,-0.0143901
18.3221,-0.0144133
18.3217,-0.0144301
18.3214,-0.0144467
18.321,-0.0144638
18.3207,-0.0144804
18.3203,-0.0144972
18.32,-0.014514
18.3196,-0.0145309
18.3193,-0.0145298
18.3189,-0.0145644
18.3185,-0.0145814
18.3182,-0.0145982
18.3178,-0.0146085
18.3175,-0.014632
18.3171,-0.0146488
18.3167,-0.0146657
18.3164,-0.0146829
18.316,-0.0146996
18.3157,-0.0147101
18.3153,-0.014727
18.315,-0.0147507
18.3146,-0.0147678
18.3143,-0.0147845
18.3139,-0.0147933
18.3135,-0.0148187
18.3132,-0.0148357
18.3128,-0.0148527
18.3125,-0.0148601
18.3121,-0.0148869
18.3118,-0.014904
18.3114,-0.0149211
18.3111,-0.0149385
18.3107,-0.0149556
18.3103,-0.0149726
18.31,-0.0149899
18.3096,-0.015007
18.3093,-0.0150243
18.3089,-0.0150413
18.3086,-0.0150553
18.3082,-0.0150727
18.3079,-0.0150929
18.3075,-0.0151103
18.3071,-0.0151276
18.3068,-0.015145
18.3064,-0.0151623
18.3061,-0.0151764
18.3057,-0.0151969
18.3054,-0.0152144
18.305,-0.0152318
18.3047,-0.0152489
18.3043,-0.0152663
18.3039,-0.0152838
18.3036,-0.0153013
18.3032,-0.0153186
18.3029,-0.0153294
18.3025,-0.0153535
18.3022,-0.015371
18.3018,-0.0153853
18.3015,-0.0154061
18.3011,-0.0154236
18.3007,-0.0154409
18.3004,-0.0154585
18.3,-0.0154729
18.2997,-0.0154904
18.2993,-0.0155083
18.299,-0.0155257
18.2986,-0.0155465
18.2983,-0.0155641
18.2979,-0.0155817
18.2975,-0.0155993
18.2972,-0.015617
18.2968,-0.0156346
18.2965,-0.0156456
18.2961,-0.01567
18.2958,-0.0156811
18.2954,-0.0157023
18.2951,-0.0157232
18.2947,-0.0157408
18.2943,-0.0157586
18.294,-0.0157764
18.2936,-0.0157943
18.2933,-0.0158122
18.2929,-0.0158299
18.2926,-0.0158477
18.2922,-0.0158624
18.2919,-0.0158804
18.2915,-0.0158948
18.2911,-0.0159192
18.2908,-0.0159338
18.2904,-0.0159486
18.2901,-0.0159665
18.2897,-0.0159843
18.2894,-0.0160087
18.289,-0.0160267
18.2887,-0.0160448
18.2883,-0.0160629
18.2879,-0.0160774
18.2876,-0.0160989
18.2872,-0.0161168
18.2869,-0.0161317
18.2865,-0.016153
18.2862,-0.0161712
18.2858,-0.0161611
18.2855,-0.0162073
18.2851,-0.0162222
18.2847,-0.0162403
18.2844,-0.0162618
18.284,-0.01628
18.2837,-0.0162981
18.2833,-0.016313
18.283,-0.016328
18.2826,-0.0163525
18.2823,-0.016371
18.2819,-0.0163893
18.2816,-0.0164074
18.2812,-0.0164259
18.2808,-0.0164439
18.2805,-0.0164622
18.2801,-0.0164804
18.2798,-0.0164958
18.2794,-0.0165171
18.2791,-0.0165356
18.2787,-0.0165541
18.2784,-0.0165727
18.278,-0.016591
18.2777,-0.0166093
18.2773,-0.0166278
18.2769,-0.0166463
18.2766,-0.016658
18.2762,-0.0166764
18.2759,-0.0167015
18.2755,-0.01672
18.2752,-0.0167385
18.2748,-0.016757
18.2745,-0.0167722
18.2741,-0.0167909
18.2737,-0.0168128
18.2734,-0.0168314
18.273,-0.0168498
18.2727,-0.0168686
18.2723,-0.0168872
18.272,-0.0168995
18.2716,-0.0169246
18.2713,-0.0169431
18.2709,-0.0169619
18.2705,-0.0169774
18.2702,-0.016996
18.2698,-0.0170149
18.2695,-0.0170368
18.2691,-0.0170555
18.2688,-0.0170742
18.2684,-0.0170932
18.2681,-0.0171118
18.2677,-0.0171303
18.2674,-0.0171492
18.267,-0.0171682
18.2667,-0.0171873
18.2663,-0.0172061
18.2659,-0.0172187
18.2656,-0.0172437
18.2652,-0.0172627
18.2649,-0.0172818
18.2645,-0.0173006
18.2642,-0.0173196
18.2638,-0.0173385
18.2635,-0.0173576
18.2631,-0.0173765
18.2627,-0.0173858
18.2624,-0.0174145
18.262,-0.0174303
18.2617,-0.0174525
18.2613,-0.0174715
18.261,-0.0174907
18.2606,-0.0175096
18.2603,-0.0175286
18.2599,-0.0175415
18.2596,-0.0175672
18.2592,-0.0175864
18.2589,-0.0176056
18.2585,-0.0176248
18.2581,-0.017644
18.2578,-0.0176629
18.2574,-0.0176825
18.2571,-0.0177015
18.2567,-0.0177207
18.2564,-0.0177402
18.256,-0.0177382
18.2557,-0.0177756
18.2553,-0.0177982
18.255,-0.0178172
18.2546,-0.0178368
18.2542,-0.0178561
18.2539,-0.0178756
18.2535,-0.0178947
18.2532,-0.0179144
18.2528,-0.0179337
18.2525,-0.017953
18.2521,-0.0179725
18.2518,-0.0179921
18.2514,-0.0180082
18.2511,-0.0180309
18.2507,-0.0180508
18.2504,-0.0180681
18.25,-0.0180894
18.2496,-0.0181025
18.2493,-0.0181218
18.2489,-0.0181482
18.2486,-0.0181678
18.2482,-0.0181872
18.2479,-0.0182071
18.2475,-0.0182268
18.2472,-0.0182464
18.2468,-0.0182594
18.2464,-0.0182858
18.2461,-0.0183054
18.2457,-0.0183249
18.2454,-0.0183448
18.245,-0.0183645
18.2447,-0.0183843
18.2443,-0.0184041
18.244,-0.0184238
18.2436,-0.0184437
18.2433,-0.0184633
18.2429,-0.0184813
18.2426,-0.0185031
18.2422,-0.018523
18.2418,-0.0185428
18.2415,-0.0185566
18.2411,-0.0185792
18.2408,-0.0186024
18.2404,-0.0186225
18.2401,-0.0186423
18.2397,-0.0186624
18.2394,-0.0186824
18.239,-0.0187024
18.2386,-0.0187159
18.2383,-0.0187359
18.2379,-0.0187625
18.2376,-0.0187824
18.2372,-0.0188027
18.2369,-0.018823
18.2365,-0.0188428
18.2362,-0.0188563
18.2358,-0.0188829
18.2355,-0.0188998
18.2351,-0.0189231
18.2348,-0.0189435
18.2344,-0.0189636
18.2341,-0.018984
18.2337,-0.0190041
18.2333,-0.0190244
18.233,-0.0190444
18.2326,-0.0190647
18.2323,-0.019083
18.2319,-0.0191052
18.2316,-0.0191256
18.2312,-0.0191428
18.2309,-0.0191661
18.2305,-0.0191816
18.2302,-0.0192039
18.2298,-0.0192273
18.2295,-0.0192478
18.2291,-0.0192681
18.2288,-0.0192886
18.2284,-0.019309
18.228,-0.0193296
18.2277,-0.0193501
18.2273,-0.0193705
18.227,-0.019391
18.2266,-0.0194115
18.2263,-0.0194318
18.2259,-0.0194525
18.2256,-0.0194731
18.2252,-0.0194936
18.2249,-0.0195143
18.2245,-0.019535
18.2242,-0.0195555
18.2238,-0.0195761
18.2234,-0.0195967
18.2231,-0.0196174
18.2227,-0.0196381
18.2224,-0.0196587
18.222,-0.0196763
18.2217,-0.0196972
18.2213,-0.019718
18.221,-0.0197353
18.2206,-0.0197625
18.2203,-0.0197834
18.2199,-0.0198039
18.2195,-0.0198182
18.2192,-0.0198458
18.2189,-0.0198666
18.2185,-0.0198877
18.2181,-0.0199084
18.2178,-0.0199228
18.2174,-0.0199502
18.2171,-0.0199713
18.2167,-0.0199923
18.2164,-0.0200132
18.216,-0.020034
18.2157,-0.0200552
18.2153,-0.0200759
18.215,-0.0200697
18.2146,-0.0201179
18.2143,-0.020139
18.2139,-0.0201602
18.2135,-0.0201813
18.2132,-0.0202025
18.2128,-0.0202234
18.2125,-0.0202451
18.2121,-0.0202657
18.2118,-0.0202866
18.2114,-0.0203079
18.2111,-0.0203227
18.2107,-0.020344
18.2104,-0.0203652
18.21,-0.0203926
18.2097,-0.0204119
18.2093,-0.0204354
18.209,-0.020457
18.2086,-0.0204781
18.2083,-0.0204992
18.2079,-0.0205207
18.2075,-0.020542
18.2072,-0.0205634
18.2068,-0.0205845
18.2065,-0.0206063
18.2061,-0.0206276
18.2058,-0.0206458
18.2054,-0.0206702
18.2051,-0.0206855
18.2047,-0.0207132
18.2044,-0.0207287
18.204,-0.0207498
18.2037,-0.0207778
18.2033,-0.0207964
18.2029,-0.0208111
18.2026,-0.0208306
18.2023,-0.0208642
18.2019,-0.0208856
18.2015,-0.0209075
18.2012,-0.0209289
18.2008,-0.0209505
18.2005,-0.0209656
18.2001,-0.0209877
18.1998,-0.0210091
18.1994,-0.0210375
18.1991,-0.021059
18.1987,-0.0210807
18.1984,-0.0211025
18.198,-0.0211243
18.1977,-0.021146
18.1973,-0.0211678
18.197,-0.0211897
18.1966,-0.0212114
18.1963,-0.0212334
18.1959,-0.0212551
18.1955,-0.0212772
18.1952,-0.0212988
18.1948,-0.0213208
18.1945,-0.0213426
18.1941,-0.0213645
18.1938,-0.0213802
18.1934,-0.0214088
18.1931,-0.0214305
18.1927,-0.0214526
18.1924,-0.0214749
18.192,-0.0214932
18.1917,-0.0215154
18.1913,-0.0215407
18.191,-0.0215597
18.1906,-0.0215819
18.1903,-0.021604
18.1899,-0.0216259
18.1896,-0.0216514
18.1892,-0.0216735
18.1888,-0.0216958
18.1885,-0.0217178
18.1881,-0.0217403
18.1878,-0.0217625
18.1874,-0.0217846
18.1871,-0.0218068
18.1867,-0.0218289
18.1864,-0.0218512
18.186,-0.0218736
18.1857,-0.0218958
18.1853,-0.0219153
18.185,-0.0219409
18.1846,-0.021963
18.1843,-0.0219789
18.1839,-0.0220077
18.1836,-0.0220304
18.1832,-0.0220525
18.1829,-0.0220664
18.1825,-0.0220977
18.1822,-0.02212
18.1818,-0.0221427
18.1814,-0.0221652
18.1811,-0.0221877
18.1807,-0.0222102
18.1804,-0.022233
18.18,-0.0222554
18.1797,-0.0222783
18.1793,-0.0223008
18.179,-0.0223232
18.1786,-0.022346
18.1783,-0.0223686
18.1779,-0.0223911
18.1776,-0.022414
18.1772,-0.0224366
18.1769,-0.0224592
18.1765,-0.0224821
18.1762,-0.0225049
18.1758,-0.0225278
18.1755,-0.0225506
18.1751,-0.0225666
18.1748,-0.0225897
18.1744,-0.0226127
18.1741,-0.0226415
18.1737,-0.0226646
18.1734,-0.0226876
18.173,-0.0227073
18.1726,-0.0227271
18.1723,-0.0227499
18.1719,-0.0227789
18.1716,-0.0228023
18.1712,-0.0228224
18.1709,-0.0228483
18.1705,-0.0228714
18.1702,-0.0228943
18.1698,-0.0229171
18.1695,-0.0229403
18.1691,-0.0229634
18.1688,-0.0229835
18.1684,-0.0230096
18.1681,-0.0230326
18.1677,-0.023056
18.1674,-0.0230793
18.167,-0.0231024
18.1667,-0.0231235
18.1663,-0.0231488
18.166,-0.0231718
18.1656,-0.0231951
18.1653,-0.0232121
18.1649,-0.0232355
18.1645,-0.0232587
18.1642,-0.0232881
18.1638,-0.0233052
18.1635,-0.0233349
18.1632,-0.0233585
18.1628,-0.0233818
18.1624,-0.0234053
18.1621,-0.0234287
18.1617,-0.0234456
18.1614,-0.0234755
18.161,-0.0234991
18.1607,-0.0235224
18.1603,-0.0235457
18.16,-0.0235692
18.1596,-0.0235898
18.1593,-0.0236134
18.1589,-0.0236402
18.1586,-0.0236635
18.1582,-0.0236872
18.1579,-0.0237043
18.1575,-0.0237341
18.1572,-0.0237581
18.1568,-0.0237786
18.1565,-0.0238055
18.1561,-0.0238291
18.1558,-0.0238529
18.1554,-0.0238764
18.1551,-0.0239004
18.1547,-0.0239238
18.1544,-0.023948
18.154,-0.0239715
18.1537,-0.023989
18.1533,-0.0240192
18.153,-0.024043
18.1526,-0.024067
18.1523,-0.024091
18.1519,-0.0241149
18.1516,-0.0241389
18.1512,-0.0241629
18.1509,-0.0241866
18.1505,-0.0242105
18.1502,-0.0242344
18.1498,-0.0242553
18.1494,-0.0242794
18.1491,-0.0243001
18.1487,-0.0243306
18.1484,-0.0243547
18.148,-0.0243788
18.1477,-0.0244031
18.1473,-0.0244269
18.147,-0.0244514
18.1467,-0.0244569
18.1463,-0.0244997
18.1459,-0.0245237
18.1456,-0.0245481
18.1452,-0.0245658
18.1449,-0.0245752
18.1446,-0.0246149
18.1442,-0.0246451
18.1438,-0.0246661
18.1435,-0.0246934
18.1431,-0.0247177
18.1428,-0.0247421
18.1424,-0.0247664
18.1421,-0.0247909
18.1417,-0.0248152
18.1414,-0.0248151
18.141,-0.0248643
18.1407,-0.0248887
18.1403,-0.0249098
18.14,-0.0249374
18.1396,-0.024962
18.1393,-0.0249865
18.1389,-0.0250112
18.1386,-0.0250292
18.1382,-0.0250537
18.1379,-0.0250848
18.1375,-0.0251093
18.1372,-0.0251338
18.1368,-0.0251584
18.1365,-0.0251832
18.1361,-0.0252078
18.1358,-0.0252324
18.1354,-0.0252571
18.1351,-0.0252821
18.1347,-0.0253064
18.1344,-0.0253313
18.134,-0.0253559
18.1337,-0.025378
18.1333,-0.0254027
18.133,-0.0254307
18.1326,-0.0254493
18.1323,-0.0254805
18.1319,-0.0254987
18.1316,-0.02553
18.1312,-0.0255549
18.1309,-0.0255796
18.1305,-0.0256018
18.1302,-0.0256263
18.1298,-0.0256483
18.1295,-0.0256796
18.1291,-0.0257048
18.1288,-0.0257298
18.1284,-0.0257548
18.1281,-0.0257799
18.1277,-0.0258051
18.1274,-0.02583
18.127,-0.0258552
18.1267,-0.0258771
18.1263,-0.0258988
18.126,-0.0259307
18.1256,-0.025938
18.1253,-0.0259809
18.1249,-0.0260063
18.1246,-0.0260284
18.1242,-0.0260537
18.1239,-0.0260822
18.1235,-0.0261073
18.1232,-0.0261324
18.1228,-0.0261579
18.1225,-0.0261831
18.1221,-0.0262084
18.1218,-0.026234
18.1214,-0.0262594
18.1211,-0.0262816
18.1207,-0.0263037
18.1204,-0.0263292
18.12,-0.0263578
18.1197,-0.0263799
18.1193,-0.0264057
18.119,-0.0264378
18.1186,-0.0264631
18.1183,-0.026489
18.1179,-0.026514
18.1176,-0.0265369
18.1172,-0.0265592
18.1169,-0.0265847
18.1165,-0.0266104
18.1162,-0.0266425
18.1158,-0.0266681
18.1155,-0.0266938
18.1151,-0.0267194
18.1148,-0.026745
18.1144,-0.0267709
18.1141,-0.026794
18.1137,-0.0268224
18.1134,-0.0268481
18.113,-0.0268739
18.1127,-0.0268999
18.1123,-0.026923
18.112,-0.0269453
18.1116,-0.0269775
18.1113,-0.0270034
18.1109,-0.0270297
18.1106,-0.0270553
18.1102,-0.0270808
18.1099,-0.027107
18.1095,-0.0271269
18.1092,-0.0271593
18.1088,-0.0271851
18.1085,-0.0272114
18.1081,-0.0272374
18.1078,-0.0272634
18.1074,-0.0272894
18.1071,-0.0273159
18.1067,-0.0273416
18.1064,-0.027368
18.106,-0.027394
18.1057,-0.0274202
18.1053,-0.0274464
18.105,-0.0274724
18.1046,-0.0274986
18.1043,-0.0275252
18.1039,-0.0275514
18.1036,-0.0275775
18.1032,-0.0276039
18.1029,-0.0276306
18.1025,-0.0276535
18.1022,-0.0276767
18.1018,-0.0277032
18.1015,-0.0277358
18.1011,-0.0277621
18.1008,-0.0277887
18.1005,-0.0278148
18.1001,-0.0278414
18.0998,-0.0278681
18.0994,-0.0278944
18.0991,-0.0279209
18.0987,-0.027941
18.0984,-0.027974
18.098,-0.0280008
18.0977,-0.0280007
18.0973,-0.0280538
18.097,-0.0280802
18.0966,-0.0281068
18.0963,-0.0281336
18.0959,-0.0281602
18.0956,-0.028187
18.0952,-0.0282139
18.0949,-0.0282405
18.0945,-0.0282672
18.0942,-0.0282943
18.0938,-0.0283147
18.0935,-0.0283476
18.0931,-0.0283532
18.0928,-0.028401
18.0924,-0.0284277
18.0921,-0.0284551
18.0917,-0.0284818
18.0914,-0.0285088
18.091,-0.0285295
18.0907,-0.0285626
18.0903,-0.0285896
18.09,-0.0286164
18.0896,-0.0286436
18.0893,-0.0286701
18.0889,-0.0286974
18.0886,-0.0287244
18.0883,-0.0287305
18.0879,-0.0287787
18.0875,-0.0287996
18.0872,-0.0288264
18.0869,-0.02886
18.0865,-0.0288871
18.0862,-0.0289143
18.0858,-0.0289414
18.0855,-0.0289687
18.0851,-0.0289959
18.0848,-0.0290205
18.0844,-0.0290506
18.0841,-0.0290779
18.0837,-0.0291021
18.0834,-0.0291322
18.083,-0.0291595
18.0827,-0.0291868
18.0823,-0.0292141
18.082,-0.0292415
18.0816,-0.0292689
18.0813,-0.0292963
18.0809,-0.0293241
18.0806,-0.029351
18.0802,-0.0293788
18.0799,-0.029403
18.0795,-0.0294339
18.0792,-0.0294616
18.0788,-0.029489
18.0785,-0.0295134
18.0781,-0.0295439
18.0778,-0.0295716
18.0774,-0.0295992
18.0771,-0.0296267
18.0768,-0.0296546
18.0764,-0.0296822
18.0761,-0.0297099
18.0757,-0.0297376
18.0754,-0.0297654
18.075,-0.0297872
18.0747,-0.0298145
18.0743,-0.0298482
18.074,-0.0298763
18.0736,-0.0299048
18.0733,-0.0299314
18.0729,-0.0299598
18.0726,-0.0299876
18.0722,-0.0300156
18.0719,-0.0300433
18.0715,-0.0300714
18.0712,-0.0300931
18.0708,-0.0301273
18.0705,-0.0301552
18.0701,-0.0301829
18.0698,-0.0302112
18.0694,-0.0302393
18.0691,-0.0302673
18.0687,-0.0302955
18.0684,-0.0303203
18.0681,-0.0303514
18.0677,-0.0303734
18.0674,-0.0304074
18.067,-0.0304358
18.0667,-0.030458
18.0663,-0.0304858
18.066,-0.030514
18.0656,-0.0305428
18.0653,-0.0305769
18.0649,-0.0306053
18.0646,-0.0306336
18.0642,-0.0306619
18.0639,-0.03069
18.0635,-0.0307154
18.0632,-0.0307466
18.0628,-0.0307754
18.0625,-0.0308033
18.0621,-0.0308318
18.0618,-0.0308602
18.0614,-0.0308891
18.0611,-0.030899
18.0608,-0.0309459
18.0604,-0.0309742
18.0601,-0.0309818
18.0597,-0.0310315
18.0594,-0.0310597
18.059,-0.0310882
18.0587,-0.0311172
18.0583,-0.0311454
18.058,-0.0311743
18.0576,-0.0311994
18.0573,-0.0312249
18.0569,-0.0312544
18.0566,-0.0312827
18.0562,-0.0313176
18.0559,-0.0313428
18.0555,-0.0313747
18.0552,-0.0314037
18.0549,-0.0314323
18.0545,-0.0314549
18.0542,-0.0314901
18.0538,-0.0315191
18.0535,-0.0315479
18.0531,-0.0315766
18.0528,-0.0315813
18.0524,-0.0316346
18.0521,-0.0316634
18.0517,-0.0316923
18.0514,-0.0317211
18.051,-0.0317503
18.0507,-0.0317794
18.0503,-0.0318082
18.05,-0.0318372
18.0496,-0.0318659
18.0493,-0.0318922
18.0489,-0.0319183
18.0486,-0.0319534
18.0483,-0.0319827
18.0479,-0.0320118
18.0476,-0.0320407
18.0472,-0.0320701
18.0469,-0.0320964
18.0465,-0.032123
18.0462,-0.0321577
18.0458,-0.032187
18.0455,-0.0322159
18.0451,-0.0322398
18.0448,-0.0322688
18.0444,-0.0323039
18.0441,-0.0323339
18.0437,-0.0323627
18.0434,-0.032392
18.0431,-0.032394
18.0427,-0.032451
18.0424,-0.0324806
18.042,-0.0325036
18.0417,-0.0325394
18.0413,-0.0325689
18.041,-0.0325985
18.0406,-0.032628
18.0403,-0.0326512
18.0399,-0.0326809
18.0396,-0.0327165
18.0392,-0.0327461
18.0389,-0.0327756
18.0386,-0.0328054
18.0382,-0.032835
18.0379,-0.0328648
18.0375,-0.0328944
18.0372,-0.0329241
18.0368,-0.0329536
18.0365,-0.0329837
18.0361,-0.0330131
18.0358,-0.0330428
18.0354,-0.0330732
18.0351,-0.0330992
18.0347,-0.0331262
18.0344,-0.033162
18.0341,-0.0331918
18.0337,-0.033222
18.0334,-0.0332518
18.033,-0.0332816
18.0327,-0.0333048
18.0323,-0.0333417
18.032,-0.0333711
18.0316,-0.033401
18.0313,-0.0334316
18.0309,-0.0334612
18.0306,-0.0334913
18.0303,-0.0335215
18.0299,-0.0335516
18.0296,-0.0335817
18.0292,-0.0336116
18.0289,-0.0336417
18.0285,-0.0336719
18.0282,-0.0337018
18.0278,-0.0337319
18.0275,-0.0337621
18.0272,-0.0337926
18.0268,-0.0338193
18.0265,-0.0338373
18.0261,-0.0338829
18.0258,-0.033913
18.0254,-0.0339378
18.0251,-0.0339677
18.0247,-0.0340043
18.0244,-0.034034
18.0241,-0.0340645
18.0237,-0.0340948
18.0234,-0.0341157
18.023,-0.0341551
18.0227,-0.0341858
18.0223,-0.0342162
18.022,-0.0342467
18.0217,-0.0342772
18.0213,-0.0343043
18.021,-0.0343349
18.0206,-0.0343681
18.0203,-0.0343985
18.02,-0.0344291
18.0196,-0.03446
18.0193,-0.0344903
18.0189,-0.0345209
18.0186,-0.0345517
18.0182,-0.0345819
18.0179,-0.0346119
18.0176,-0.0346431
18.0172,-0.0346738
18.0169,-0.0347043
18.0165,-0.0347348
18.0162,-0.0347656
18.0159,-0.0347964
18.0155,-0.0348272
18.0152,-0.0348579
18.0148,-0.0348825
18.0145,-0.0349191
18.0141,-0.0349501
18.0138,-0.0349809
18.0135,-0.0350117
18.0131,-0.0350426
18.0128,-0.0350735
18.0124,-0.0351013
18.0121,-0.0351318
18.0118,-0.0351662
18.0114,-0.0351731
18.0111,-0.0352281
18.0107,-0.0352587
18.0104,-0.03529
18.0101,-0.0353209
18.0097,-0.0353521
18.0094,-0.0353828
18.009,-0.0354138
18.0087,-0.0354391
18.0083,-0.0354763
18.008,-0.0355073
18.0077,-0.0355382
18.0073,-0.0355695
18.007,-0.0356009
18.0066,-0.0356321
18.0063,-0.0356605
18.0059,-0.0356883
18.0056,-0.0357167
18.0053,-0.035757
18.0049,-0.0357883
18.0046,-0.0358197
18.0042,-0.0358417
18.0039,-0.0358819
18.0036,-0.0359136
18.0032,-0.035945
18.0029,-0.0359764
18.0025,-0.0360079
18.0022,-0.0360398
18.0019,-0.0360677
18.0015,-0.0361023
18.0012,-0.0361341
18.0008,-0.0361657
18.0005,-0.0361972
18.0002,-0.0362289
17.9998,-0.03626
17.9995,-0.0362917
17.9991,-0.0363232
17.9988,-0.0363549
17.9985,-0.0363868
17.9981,-0.0364183
17.9978,-0.0364501
17.9974,-0.0364724
17.9971,-0.0365135
17.9968,-0.0365455
17.9964,-0.036577
17.9961,-0.036609
17.9957,-0.0366401
17.9954,-0.036672
17.995,-0.036704
17.9947,-0.0367361
17.9944,-0.0367683
17.994,-0.0368002
17.9937,-0.036829
17.9933,-0.0368639
17.993,-0.0368957
17.9927,-0.0369276
17.9923,-0.0369599
17.992,-0.0369764
17.9916,-0.0370239
17.9913,-0.0370557
17.991,-0.0370877
17.9906,-0.0371199
17.9903,-0.037152
17.9899,-0.0371813
17.9896,-0.0372166
17.9893,-0.0372484
17.9889,-0.0372781
17.9886,-0.0373127
17.9882,-0.037345
17.9879,-0.0373776
17.9876,-0.0374094
17.9872,-0.0374361
17.9869,-0.0374738
17.9865,-0.0375065
17.9862,-0.0375387
17.9858,-0.0375709
17.9855,-0.0376039
17.9852,-0.0376361
17.9848,-0.0376686
17.9845,-0.0377008
17.9841,-0.0377308
17.9838,-0.0377658
17.9835,-0.0377984
17.9831,-0.0378305
17.9828,-0.0378602
17.9824,-0.0378962
17.9821,-0.0379283
17.9818,-0.0379609
17.9814,-0.0379936
17.9811,-0.0380261
17.9807,-0.0380591
17.9804,-0.0380913
17.9801,-0.0381241
17.9797,-0.0381569
17.9794,-0.0381894
17.979,-0.0382222
17.9787,-0.0382519
17.9784,-0.0382877
17.978,-0.0383207
17.9777,-0.0383537
17.9774,-0.0383831
17.977,-0.0384193
17.9766,-0.0384491
17.9763,-0.0384846
17.976,-0.0385181
17.9756,-0.0385506
17.9753,-0.0385836
17.975,-0.0386166
17.9746,-0.0386497
17.9743,-0.0386798
17.9739,-0.0387156
17.9736,-0.0387485
17.9733,-0.0387814
17.9729,-0.0388149
17.9726,-0.0388421
17.9722,-0.038881
17.9719,-0.0389143
17.9715,-0.0389472
17.9712,-0.0389802
17.9709,-0.0390108
17.9705,-0.039041
17.9702,-0.0390802
17.9698,-0.0391133
17.9695,-0.0391435
17.9692,-0.0391796
17.9688,-0.0392071
17.9685,-0.0392459
17.9681,-0.0392769
17.9678,-0.0393103
17.9675,-0.0393462
17.9671,-0.0393742
17.9668,-0.0394132
17.9664,-0.0394404
17.9661,-0.0394803
17.9658,-0.0395133
17.9654,-0.039544
17.9651,-0.0395653
17.9647,-0.0396139
17.9644,-0.0396475
17.9641,-0.0396809
17.9637,-0.0397146
17.9634,-0.0397449
17.963,-0.0397756
17.9627,-0.0398157
17.9624,-0.0398491
17.962,-0.0398768
17.9617,-0.0399136
17.9613,-0.0399501
17.961,-0.039984
17.9607,-0.040012
17.9603,-0.0400455
17.96,-0.0400851
17.9596,-0.040119
17.9593,-0.0401524
17.959,-0.0401866
17.9586,-0.0402207
17.9583,-0.0402544
17.9579,-0.0402885
17.9576,-0.0403163
17.9573,-0.0403559
17.9569,-0.0403899
17.9566,-0.0404244
17.9562,-0.0404579
17.9559,-0.0404917
17.9556,-0.0405256
17.9552,-0.0405597
17.9549,-0.040594
17.9545,-0.0406277
17.9542,-0.0406621
17.9539,-0.0406918
17.9535,-0.0407243
17.9532,-0.0407583
17.9528,-0.0407986
17.9525,-0.0408332
17.9522,-0.0408613
17.9518,-0.0409009
17.9515,-0.0409356
17.9511,-0.0409698
17.9508,-0.041004
17.9505,-0.0410382
17.9501,-0.0410727
17.9498,-0.0411065
17.9494,-0.041141
17.9491,-0.0411756
17.9488,-0.0412098
17.9484,-0.0412442
17.9481,-0.0412786
17.9477,-0.0413131
17.9474,-0.0413474
17.9471,-0.0413818
17.9467,-0.0414166
17.9464,-0.041451
17.9461,-0.0414844
17.9457,-0.0415142
17.9454,-0.0415546
17.945,-0.0415889
17.9447,-0.0416236
17.9443,-0.0416553
17.944,-0.041693
17.9437,-0.0417273
17.9433,-0.0417626
17.943,-0.0417968
17.9427,-0.0418316
17.9423,-0.0418666
17.942,-0.0419012
17.9416,-0.0419357
17.9413,-0.0419671
17.941,-0.0420053
17.9406,-0.0420403
17.9403,-0.0420751
17.9399,-0.0421101
17.9396,-0.0421413
17.9393,-0.0421795
17.9389,-0.0422143
17.9386,-0.0422495
17.9382,-0.0422844
17.9379,-0.0423191
17.9376,-0.0423539
17.9372,-0.0423867
17.9369,-0.0424242
17.9365,-0.0424588
17.9362,-0.0424942
17.9359,-0.0425288
17.9355,-0.042564
17.9352,-0.0425997
17.9348,-0.0426341
17.9345,-0.0426694
17.9342,-0.0427047
17.9338,-0.0427367
17.9335,-0.042775
17.9331,-0.0428045
17.9328,-0.042842
17.9325,-0.0428738
17.9321,-0.0429161
17.9318,-0.0429509
17.9314,-0.0429864
17.9311,-0.043022
17.9308,-0.0430575
17.9304,-0.0430892
17.9301,-0.0431246
17.9297,-0.0431574
17.9294,-0.0431898
17.9291,-0.0432338
17.9287,-0.0432511
17.9284,-0.043305
17.9281,-0.0433373
17.9277,-0.0433697
17.9274,-0.0434052
17.927,-0.0434465
17.9267,-0.0434819
17.9264,-0.0435178
17.926,-0.0435536
17.9257,-0.0435855
17.9253,-0.0436219
17.925,-0.0436576
17.9247,-0.0436959
17.9243,-0.0437312
17.924,-0.0437614
17.9236,-0.0438031
17.9233,-0.0438382
17.923,-0.0438717
17.9226,-0.0439043
17.9223,-0.0439459
17.9219,-0.043976
17.9216,-0.0440111
17.9213,-0.0440532
17.9209,-0.0440886
17.9206,-0.0441217
17.9203,-0.0441605
17.9199,-0.0441966
17.9196,-0.0442325
17.9192,-0.0442684
17.9189,-0.0443045
17.9186,-0.0443405
17.9182,-0.0443759
17.9179,-0.0444095
17.9175,-0.0444421
17.9172,-0.0444747
17.9169,-0.0445199
17.9165,-0.0445562
17.9162,-0.0445924
17.9158,-0.0446255
17.9155,-0.0446585
17.9152,-0.0446825
17.9148,-0.0447308
17.9145,-0.0447722
17.9141,-0.0448027
17.9138,-0.044845
17.9135,-0.0448814
17.9131,-0.044918
17.9128,-0.0449541
17.9125,-0.0449901
17.9121,-0.0450261
17.9118,-0.0450628
17.9114,-0.0450995
17.9111,-0.0451355
17.9108,-0.0451723
17.9104,-0.0452081
17.9101,-0.0452445
17.9098,-0.0452772
17.9094,-0.0453177
17.9091,-0.0453536
17.9087,-0.0453848
17.9084,-0.0454267
17.9081,-0.0454629
17.9077,-0.0454993
17.9074,-0.0455358
17.907,-0.045573
17.9067,-0.0456092
17.9064,-0.0456456
17.906,-0.0456827
17.9057,-0.0457166
17.9053,-0.0457562
17.905,-0.0457925
17.9047,-0.0458292
17.9043,-0.0458656
17.904,-0.0459025
17.9037,-0.0459391
17.9033,-0.0459756
17.903,-0.0460129
17.9026,-0.0460437
17.9023,-0.046086
17.902,-0.0461226
17.9016,-0.0461597
17.9013,-0.0461965
17.9009,-0.0462332
17.9006,-0.0462703
17.9003,-0.0463072
17.8999,-0.0463438
17.8996,-0.0463808
17.8993,-0.0464178
17.8989,-0.0464548
17.8986,-0.0464921
17.8982,-0.0465291
17.8979,-0.0465659
17.8976,-0.0466032
17.8972,-0.046634
17.8969,-0.0466771
17.8965,-0.0467055
17.8962,-0.0467511
17.8959,-0.046788
17.8955,-0.0468251
17.8952,-0.0468624
17.8949,-0.0469
17.8945,-0.0469338
17.8942,-0.0469712
17.8938,-0.0470106
17.8935,-0.0470484
17.8932,-0.0470855
17.8928,-0.0471226
17.8925,-0.0471542
17.8921,-0.0471971
17.8918,-0.0472349
17.8915,-0.0472722
17.8911,-0.0473096
17.8908,-0.0473463
17.8905,-0.047384
17.8901,-0.0474215
17.8898,-0.0474588
17.8894,-0.0474964
17.8891,-0.0475339
17.8888,-0.047571
17.8884,-0.0476088
17.8881,-0.047646
17.8878,-0.0476768
17.8874,-0.0477209
17.8871,-0.0477552
17.8867,-0.0477962
17.8864,-0.0478332
17.8861,-0.0478713
17.8857,-0.0479088
17.8854,-0.0479462
17.885,-0.0479843
17.8847,-0.0480217
17.8844,-0.0480515
17.884,-0.0480968
17.8837,-0.0481345
17.8834,-0.0481726
17.883,-0.0482103
17.8827,-0.048248
17.8823,-0.0482856
17.882,-0.0483211
17.8817,-0.0483611
17.8813,-0.0483992
17.881,-0.0484329
17.8807,-0.0484751
17.8803,-0.0485127
17.88,-0.0485504
17.8796,-0.0485858
17.8793,-0.0486263
17.879,-0.0486646
17.8786,-0.0487021
17.8783,-0.0487403
17.8779,-0.0487784
17.8776,-0.0488166
17.8773,-0.048854
17.8769,-0.0488926
17.8766,-0.0489276
17.8763,-0.0489684
17.8759,-0.0489966
17.8756,-0.0490441
17.8752,-0.0490824
17.8749,-0.0491207
17.8746,-0.0491587
17.8742,-0.0491965
17.8739,-0.0492325
17.8736,-0.0492703
17.8732,-0.0493085
17.8729,-0.0493407
17.8725,-0.0493881
17.8722,-0.0494265
17.8719,-0.0494611
17.8715,-0.0495001
17.8712,-0.0495379
17.8708,-0.0495738
17.8705,-0.0496178
17.8702,-0.0496558
17.8698,-0.0496944
17.8695,-0.0497326
17.8692,-0.0497713
17.8688,-0.0498096
17.8685,-0.0498484
17.8682,-0.0498866
17.8678,-0.0499246
17.8675,-0.0499635
17.8671,-0.0499963
17.8668,-0.0500403
17.8665,-0.0500787
17.8661,-0.0501176
17.8658,-0.0501533
17.8655,-0.050188
17.8651,-0.0502306
17.8648,-0.0502662
17.8644,-0.0503102
17.8641,-0.0503492
17.8638,-0.050388
17.8634,-0.0504265
17.8631,-0.050465
17.8628,-0.0505038
17.8625,-0.0505387
17.8621,-0.0505814
17.8617,-0.0506198
17.8614,-0.0506583
17.8611,-0.0506973
17.8607,-0.0507359
17.8604,-0.0507748
17.8601,-0.0508138
17.8597,-0.0508523
17.8594,-0.0508886
17.859,-0.0509276
17.8587,-0.0509697
17.8584,-0.0510077
17.858,-0.0510468
17.8577,-0.0510856
17.8574,-0.0511249
17.857,-0.0511638
17.8567,-0.0512027
17.8563,-0.0512421
17.856,-0.0512751
17.8557,-0.05131
17.8553,-0.0513583
17.855,-0.0513979
17.8547,-0.0514369
17.8543,-0.0514762
17.854,-0.0515126
17.8536,-0.0515515
17.8533,-0.051591
17.853,-0.0516321
17.8526,-0.0516717
17.8523,-0.051708
17.852,-0.0517469
17.8516,-0.0517894
17.8513,-0.0518229
17.8509,-0.0518618
17.8506,-0.0519071
17.8503,-0.0519459
17.8499,-0.0519854
17.8496,-0.0520249
17.8493,-0.0520582
17.8489,-0.0521026
17.8486,-0.0521425
17.8483,-0.0521819
17.8479,-0.052221
17.8476,-0.0522606
17.8472,-0.0522949
17.8469,-0.0523398
17.8466,-0.0523794
17.8462,-0.0524184
17.8459,-0.0524553
17.8456,-0.0524943
17.8452,-0.0525316
17.8449,-0.0525762
17.8446,-0.0526161
17.8443,-0.0526515
17.8439,-0.0526911
17.8435,-0.0527342
17.8432,-0.0527735
17.8429,-0.0528081
17.8425,-0.0528481
17.8422,-0.0528843
17.8418,-0.0529249
17.8415,-0.0529726
17.8412,-0.0530123
17.8409,-0.0530518
17.8405,-0.0530911
17.8402,-0.053131
17.8398,-0.0531708
17.8395,-0.0532108
17.8392,-0.0532503
17.8388,-0.0532901
17.8385,-0.0533298
17.8382,-0.0533698
17.8378,-0.0534097
17.8375,-0.0534468
17.8372,-0.0534894
17.8368,-0.0535294
17.8365,-0.0535692
17.8361,-0.0536093
17.8358,-0.0536488
17.8355,-0.0536888
17.8351,-0.0537284
17.8348,-0.053769
17.8345,-0.0538094
17.8341,-0.0538494
17.8338,-0.0538892
17.8335,-0.0539291
17.8331,-0.0539686
17.8328,-0.0540083
17.8324,-0.0540491
17.8321,-0.054089
17.8318,-0.0541292
17.8314,-0.0541691
17.8311,-0.0542091
17.8308,-0.0542467
17.8304,-0.0542872
17.8301,-0.0543273
17.8298,-0.0543671
17.8294,-0.0544102
17.8291,-0.0544506
17.8288,-0.0544864
17.8284,-0.0545253
17.8281,-0.0545686
17.8277,-0.0546084
17.8274,-0.0546492
17.8271,-0.0546918
17.8267,-0.0547323
17.8264,-0.0547724
17.8261,-0.0548124
17.8257,-0.0548533
17.8254,-0.0548933
17.8251,-0.0549344
17.8247,-0.0549744
17.8244,-0.0550148
17.824,-0.0550554
17.8237,-0.0550958
17.8234,-0.055136
17.823,-0.0551763
17.8227,-0.0552141
17.8224,-0.0552578
17.822,-0.0552977
17.8217,-0.0553387
17.8214,-0.0553754
17.821,-0.0554195
17.8207,-0.0554603
17.8203,-0.0555009
17.82,-0.0555415
17.8197,-0.055577
17.8193,-0.05562
17.819,-0.0556607
17.8187,-0.0557038
17.8183,-0.0557449
17.818,-0.0557822
17.8177,-0.0558259
17.8173,-0.0558667
17.817,-0.0559074
17.8167,-0.0559479
17.8163,-0.055989
17.816,-0.0560296
17.8156,-0.0560677
17.8153,-0.0561112
17.815,-0.0561518
17.8146,-0.0561928
17.8143,-0.0562337
17.814,-0.0562722
17.8136,-0.0563155
17.8133,-0.0563567
17.813,-0.0563946
17.8126,-0.0564325
17.8123,-0.0564741
17.812,-0.0565048
17.8116,-0.0565611
17.8113,-0.0566018
17.8109,-0.0566379
17.8106,-0.0566839
17.8103,-0.0567249
17.8099,-0.0567657
17.8096,-0.0568072
17.8093,-0.056845
17.8089,-0.0568864
17.8086,-0.0569276
17.8083,-0.0569684
17.8079,-0.0570073
17.8076,-0.0570534
17.8073,-0.0570941
17.8069,-0.0571353
17.8066,-0.0571766
17.8063,-0.0572177
17.8059,-0.0572535
17.8056,-0.0573006
17.8053,-0.0573419
17.8049,-0.057365
17.8046,-0.0574183
17.8043,-0.0574651
17.8039,-0.0575063
17.8036,-0.0575438
17.8032,-0.057583
17.8029,-0.0576245
17.8026,-0.0576712
17.8022,-0.0577131
17.8019,-0.0577541
17.8016,-0.057796
17.8012,-0.0578368
17.8009,-0.0578787
17.8006,-0.0579195
17.8002,-0.0579553
17.7999,-0.058
17.7996,-0.0580415
17.7992,-0.0580795
17.7989,-0.0581269
17.7986,-0.0581683
17.7982,-0.058207
17.7979,-0.0582452
17.7975,-0.0582877
17.7972,-0.0583341
17.7969,-0.0583755
17.7965,-0.0584145
17.7962,-0.0584588
17.7959,-0.0585007
17.7955,-0.0585422
17.7952,-0.0585629
17.7949,-0.0586224
17.7945,-0.0586666
17.7942,-0.0587085
17.7939,-0.0587473
17.7935,-0.0587916
17.7932,-0.0588333
17.7929,-0.0588752
17.7925,-0.0589163
17.7922,-0.0589591
17.7919,-0.0589959
17.7915,-0.0590423
17.7912,-0.0590834
17.7909,-0.0591256
17.7905,-0.0591671
17.7902,-0.059207
17.7899,-0.0592509
17.7895,-0.0592923
17.7892,-0.0593345
17.7889,-0.0593763
17.7885,-0.0594181
17.7882,-0.0594578
17.7879,-0.0595027
17.7875,-0.059544
17.7872,-0.0595857
17.7868,-0.0596277
17.7865,-0.0596698
17.7862,-0.0597116
17.7858,-0.0597536
17.7855,-0.059796
17.7852,-0.0598374
17.7848,-0.0598799
17.7845,-0.0599223
17.7842,-0.0599639
17.7838,-0.0600055
17.7835,-0.0600478
17.7832,-0.0600897
17.7828,-0.0601314
17.7825,-0.0601741
17.7822,-0.0602164
17.7818,-0.0602579
17.7815,-0.0602999
17.7812,-0.06034
17.7808,-0.0603773
17.7805,-0.0604268
17.7802,-0.060469
17.7798,-0.0605117
17.7795,-0.060554
17.7792,-0.0605963
17.7788,-0.0606315
17.7785,-0.060681
17.7781,-0.0607238
17.7778,-0.0607667
17.7775,-0.060809
17.7771,-0.060852
17.7768,-0.060892
17.7764,-0.0609381
17.7761,-0.0609812
17.7758,-0.06102
17.7754,-0.0610678
17.7751,-0.0611107
17.7747,-0.0611547
17.7744,-0.0611936
17.774,-0.0612414
17.7737,-0.0612848
17.7733,-0.0613283
17.773,-0.0613723
17.7726,-0.0614143
17.7723,-0.0614576
17.7719,-0.061502
17.7716,-0.0615487
17.7712,-0.061592
17.7709,-0.0616367
17.7705,-0.0616811
17.7701,-0.0617262
17.7698,-0.06177
17.7695,-0.0618052
17.7691,-0.0618596
17.7687,-0.061904
17.7684,-0.0619485
17.768,-0.0619935
17.7676,-0.0620393
17.7673,-0.0620815
17.7669,-0.0621296
17.7665,-0.062175
17.7662,-0.0622204
17.7658,-0.0622653
17.7655,-0.0623111
17.7651,-0.0623569
17.7647,-0.0623972
17.7643,-0.0624481
17.764,-0.0624942
17.7636,-0.0625401
17.7632,-0.0625842
17.7629,-0.0626325
17.7625,-0.0626791
17.7621,-0.0627205
17.7617,-0.0627672
17.7614,-0.0628133
17.761,-0.0628658
17.7606,-0.0629122
17.7602,-0.0629596
17.7599,-0.0630066
17.7595,-0.0630541
17.7591,-0.063101
17.7587,-0.0631479
17.7583,-0.0631936
17.7579,-0.0632393
17.7575,-0.0632864
17.7572,-0.0633398
17.7568,-0.0633875
17.7564,-0.0634328
17.756,-0.0634818
17.7556,-0.0635171
17.7552,-0.0635789
17.7548,-0.0636293
17.7544,-0.0636778
17.754,-0.0637237
17.7537,-0.0637754
17.7533,-0.0638248
17.7529,-0.0638744
17.7525,-0.063924
17.7521,-0.0639724
17.7517,-0.0640221
17.7513,-0.0640721
17.7509,-0.0641176
17.7505,-0.0641659
17.7501,-0.0642019
17.7497,-0.0642723
17.7493,-0.0643228
17.7489,-0.0643729
17.7484,-0.0644237
17.748,-0.0644746
17.7476,-0.0645255
17.7472,-0.0645754
17.7468,-0.0646266
17.7464,-0.0646785
17.746,-0.0647292
17.7456,-0.0647819
17.7452,-0.0648328
17.7447,-0.0648844
17.7443,-0.064932
17.7439,-0.0649883
17.7435,-0.0650411
17.7431,-0.0650936
17.7426,-0.0651452
17.7423,-0.0651898
17.7418,-0.0652514
17.7414,-0.0653009
17.7409,-0.0653547
17.7405,-0.065407
17.7401,-0.0654632
17.7397,-0.0655172
17.7392,-0.0655706
17.7388,-0.0656241
17.7384,-0.0656786
17.738,-0.0657321
17.7375,-0.0657835
17.7371,-0.0658407
17.7367,-0.0658954
17.7362,-0.0659502
17.7358,-0.0660027
17.7353,-0.0660597
17.7349,-0.0661142
17.7345,-0.0661703
17.734,-0.0662285
17.7336,-0.0662764
17.7331,-0.0663304
17.7327,-0.0663872
17.7322,-0.0664435
17.7318,-0.0664996
17.7314,-0.0665555
17.7309,-0.0666181
17.7305,-0.0666744
17.73,-0.0667093
17.7296,-0.0667878
17.7291,-0.0668445
17.7287,-0.0669023
17.7282,-0.06696
17.7278,-0.0670174
17.7273,-0.067075
17.7269,-0.0671326
17.7264,-0.067191
17.7259,-0.0672489
17.7255,-0.0673075
17.725,-0.0673628
17.7246,-0.0674193
17.7241,-0.0674757
17.7237,-0.0675423
17.7232,-0.0676017
17.7227,-0.0676613
17.7223,-0.0677202
17.7218,-0.0677773
17.7213,-0.067841
17.7209,-0.0679103
17.7204,-0.067977
17.7199,-0.0680431
17.7194,-0.0681107
17.719,-0.0681781
17.7185,-0.0682453
17.718,-0.0683127
17.7175,-0.0683802
17.717,-0.0684459
17.7165,-0.0685171
17.7161,-0.0685861
17.7156,-0.0686541
17.7151,-0.0687243
17.7146,-0.0687872
17.7141,-0.0688556
17.7136,-0.0689308
17.7131,-0.0690013
17.7126,-0.0690708
17.7121,-0.069141
17.7116,-0.069211
17.7111,-0.0692818
17.7107,-0.0693533
17.7102,-0.0694087
17.7097,-0.0694722
17.7092,-0.0695327
17.7087,-0.0695934
17.7082,-0.0696553
17.7077,-0.0697174
17.7072,-0.0697792
17.7067,-0.069841
17.7062,-0.0698758
17.7057,-0.0699667
17.7052,-0.0700303
17.7047,-0.0700934
17.7042,-0.0701537
17.7037,-0.0702151
17.7032,-0.07028
17.7027,-0.0703513
17.7022,-0.0704151
17.7017,-0.0704804
17.7011,-0.0705425
17.7007,-0.0706022
17.7001,-0.0706774
17.6996,-0.0707438
17.6991,-0.0708111
17.6986,-0.0708752
17.6981,-0.0709419
17.6975,-0.071005
17.697,-0.0710793
17.6965,-0.0711464
17.696,-0.0712148
17.6955,-0.071283
17.695,-0.0713512
17.6945,-0.0714196
17.6939,-0.0714893
17.6934,-0.0715268
17.6929,-0.0716268
17.6924,-0.0716936
17.6919,-0.0717658
17.6913,-0.0718359
17.6908,-0.0719026
17.6903,-0.0719733
17.6898,-0.072043
17.6892,-0.0721132
17.6887,-0.0721871
17.6882,-0.0722524
17.6876,-0.0723236
17.6871,-0.0723913
17.6866,-0.0724475
17.6861,-0.0725401
17.6855,-0.0726083
17.685,-0.0726806
17.6845,-0.0727575
17.684,-0.0728304
17.6834,-0.0729038
17.6829,-0.0729753
17.6824,-0.0730477
17.6818,-0.0731209
17.6813,-0.073194
17.6808,-0.073267
17.6802,-0.0733398
17.6797,-0.0734137
17.6792,-0.0734863
17.6786,-0.073551
17.6781,-0.0736337
17.6776,-0.0737072
17.6771,-0.0737828
17.6765,-0.073853
17.676,-0.0739303
17.6755,-0.0739919
17.6749,-0.0740797
17.6744,-0.0741555
17.6738,-0.0742275
17.6733,-0.0743047
17.6728,-0.0743798
17.6723,-0.0744555
17.6717,-0.0745312
17.6712,-0.0746064
17.6706,-0.0746813
17.6701,-0.0747572
17.6696,-0.0748324
17.669,-0.0749083
17.6685,-0.0749827
17.668,-0.0750596
17.6674,-0.0751343
17.6669,-0.0752037
17.6664,-0.075284
17.6658,-0.0753595
17.6653,-0.0754317
17.6647,-0.0755075
17.6642,-0.0755815
17.6637,-0.0756556
17.6631,-0.0757281
17.6626,-0.0757986
17.662,-0.0758672
17.6615,-0.0759442
17.661,-0.0760149
17.6604,-0.0760864
17.6599,-0.076158
17.6593,-0.076229
17.6588,-0.0763013
17.6583,-0.0763731
17.6577,-0.0764415
17.6572,-0.0765076
17.6566,-0.0765887
17.6561,-0.0766612
17.6556,-0.0767331
17.655,-0.0768063
17.6545,-0.0768766
17.6539,-0.0769476
17.6534,-0.077025
17.6529,-0.0770971
17.6523,-0.0771701
17.6518,-0.0772438
17.6513,-0.0773158
17.6507,-0.0773899
17.6502,-0.0774635
17.6496,-0.077536
17.6491,-0.0776071
17.6486,-0.0776833
17.648,-0.0777579
17.6475,-0.0778318
17.647,-0.0778997
17.6464,-0.0779734
17.6459,-0.0780494
17.6454,-0.0781215
17.6448,-0.0782026
17.6443,-0.0782761
17.6438,-0.0783517
17.6432,-0.0784269
17.6427,-0.0785006
17.6422,-0.0785699
17.6416,-0.0786423
17.6411,-0.078725
17.6406,-0.0788004
17.64,-0.0788727
17.6395,-0.0789473
17.639,-0.0790244
17.6384,-0.0790942
17.6379,-0.0791748
17.6374,-0.0792404
17.6369,-0.0793251
17.6364,-0.0794006
17.6358,-0.0794769
17.6353,-0.0795517
17.6348,-0.0796275
17.6342,-0.0797038
17.6337,-0.079779
17.6332,-0.079855
17.6327,-0.0799316
17.6322,-0.0800069
17.6316,-0.0800827
17.6311,-0.0801586
17.6306,-0.0802346
17.6301,-0.0803106
17.6295,-0.0803863
17.629,-0.0804615
17.6285,-0.0805382
17.628,-0.0806136
17.6275,-0.0806902
17.6269,-0.0807665
17.6264,-0.0808432
17.6259,-0.0809178
17.6254,-0.0809898
17.6249,-0.0810657
17.6244,-0.0811481
17.6238,-0.081223
17.6233,-0.0813005
17.6228,-0.0813719
17.6224,-0.0814338
17.6218,-0.0815289
17.6213,-0.0815798
17.6207,-0.0816806
17.6202,-0.0817564
17.6197,-0.0818271
17.6192,-0.0819094
17.6187,-0.0819866
17.6182,-0.0820628
17.6177,-0.0821389
17.6172,-0.0822079
17.6166,-0.0822854
17.6162,-0.0823671
17.6156,-0.0824437
17.6151,-0.0825211
17.6146,-0.0825956
17.6141,-0.0826727
17.6136,-0.0827487
17.6131,-0.0828244
17.6126,-0.0828734
17.6121,-0.0829753
17.6116,-0.0830518
17.6111,-0.0831279
17.6106,-0.0832024
17.6101,-0.0832794
17.6096,-0.0833555
17.6091,-0.0834279
17.6086,-0.0835078
17.6081,-0.0835841
17.6076,-0.0836584
17.6071,-0.0837348
17.6066,-0.0838112
17.6061,-0.0838866
17.6056,-0.0839626
17.6051,-0.0840304
17.6046,-0.0841116
17.6041,-0.0841892
17.6036,-0.084264
17.6031,-0.0843396
17.6026,-0.084414
17.6021,-0.0844893
17.6016,-0.0845655
17.6011,-0.0846392
17.6006,-0.0847138
17.6002,-0.0847905
17.5997,-0.0848649
17.5992,-0.0849331
17.5987,-0.0850119
17.5982,-0.085089
17.5977,-0.0851632
17.5972,-0.0852381
17.5967,-0.0853124
17.5962,-0.085386
17.5958,-0.085461
17.5953,-0.0855346
17.5948,-0.0856096
17.5943,-0.0856819
17.5938,-0.0857577
17.5933,-0.0858305
17.5928,-0.085903
17.5924,-0.0859774
17.5919,-0.0860509
17.5914,-0.0861223
17.5909,-0.086195
17.5904,-0.0862707
17.5899,-0.0863445
17.5895,-0.0864154
17.589,-0.08649
17.5885,-0.0865627
17.588,-0.0866356
17.5876,-0.0867073
17.5871,-0.0867793
17.5866,-0.086853
17.5861,-0.0869234
17.5857,-0.086996
17.5852,-0.0870684
17.5847,-0.0871412
17.5842,-0.0872104
17.5837,-0.0872783
17.5833,-0.0873508
17.5828,-0.0874183
17.5823,-0.087498
17.5819,-0.0875693
17.5814,-0.0876401
17.5809,-0.0877111
17.5805,-0.0877802
17.58,-0.0878479
17.5795,-0.0879232
17.579,-0.087994
17.5786,-0.088065
17.5781,-0.0881504
17.5776,-0.0882311
17.5772,-0.088311
17.5767,-0.0883923
17.5762,-0.088469
17.5757,-0.0885493
17.5753,-0.0886281
17.5748,-0.0887073
17.5743,-0.0887831
17.5739,-0.0888648
17.5734,-0.0889425
17.5729,-0.0890215
17.5725,-0.0890995
17.572,-0.0891775
17.5715,-0.0892549
17.5711,-0.0893338
17.5706,-0.0894107
17.5701,-0.0894877
17.5697,-0.0895662
17.5692,-0.0896438
17.5687,-0.0897207
17.5683,-0.0897949
17.5678,-0.0898735
17.5674,-0.08995
17.5669,-0.0900272
17.5664,-0.0901006
17.566,-0.0901784
17.5655,-0.0902544
17.565,-0.0903314
17.5646,-0.0904066
17.5641,-0.0904826
17.5637,-0.0905576
17.5632,-0.090633
17.5627,-0.0907076
17.5623,-0.0907839
17.5618,-0.090858
17.5614,-0.090933
17.5609,-0.0910071
17.5604,-0.0910795
17.56,-0.0911569
17.5595,-0.0912305
17.5591,-0.0913046
17.5586,-0.0913762
17.5581,-0.0914529
17.5577,-0.0915253
17.5572,-0.0915999
17.5568,-0.0916728
17.5563,-0.0917461
17.5559,-0.091818
17.5554,-0.0918913
17.5549,-0.0919634
17.5545,-0.0920365
17.5541,-0.0920997
17.5536,-0.092182
17.5531,-0.0922547
17.5527,-0.0923256
17.5522,-0.0923979
17.5518,-0.0924692
17.5513,-0.092542
17.5509,-0.0926127
17.5504,-0.0926849
17.55,-0.0927549
17.5495,-0.0928253
17.549,-0.092896
17.5486,-0.0929661
17.5482,-0.0930392
17.5477,-0.0931072
17.5473,-0.0931792
17.5468,-0.0932482
17.5464,-0.0933197
17.5459,-0.0933853
17.5455,-0.0934576
17.545,-0.0935268
17.5446,-0.0935883
17.5441,-0.0936648
17.5437,-0.0937345
17.5432,-0.0938039
17.5427,-0.0938704
17.5423,-0.093942
17.5419,-0.0940103
17.5414,-0.0940775
17.541,-0.0941464
17.5405,-0.0942142
17.5401,-0.0942815
17.5396,-0.0943481
17.5392,-0.0944149
17.5387,-0.0944821
17.5383,-0.0945523
17.5379,-0.094619
17.5374,-0.0946856
17.537,-0.0947521
17.5365,-0.0948192
17.5361,-0.0948862
17.5356,-0.0949522
17.5352,-0.0950194
17.5348,-0.0950843
17.5343,-0.0951503
17.5339,-0.0952163
17.5334,-0.0952817
17.533,-0.0953482
17.5326,-0.0954128
17.5321,-0.0954694
17.5317,-0.0955437
17.5312,-0.0956083
17.5308,-0.0956727
17.5304,-0.0957379
17.5299,-0.0958028
17.5295,-0.0958649
17.529,-0.0959288
17.5286,-0.0959946
17.5282,-0.096055
17.5277,-0.0961216
17.5273,-0.0961849
17.5268,-0.0962497
17.5264,-0.0963114
17.526,-0.0963759
17.5255,-0.096437
17.5251,-0.0964992
17.5247,-0.0965627
17.5242,-0.0966233
17.5238,-0.0966869
17.5234,-0.0967491
17.5229,-0.0968116
17.5225,-0.0968746
17.5221,-0.0969359
17.5216,-0.0969974
17.5212,-0.0970601
17.5207,-0.0971214
17.5203,-0.0971812
17.5199,-0.0972403
17.5194,-0.0973004
17.519,-0.0973631
17.5186,-0.0974231
17.5182,-0.0974838
17.5177,-0.0975458
17.5173,-0.0976049
17.5169,-0.0976645
17.5164,-0.0977236
17.516,-0.0977837
17.5156,-0.097844
17.5151,-0.0979025
17.5147,-0.0979629
17.5143,-0.0980214
17.5138,-0.0980783
17.5134,-0.0981395
17.513,-0.0981977
17.5126,-0.0982558
17.5121,-0.0983146
17.5117,-0.0983745
17.5113,-0.0984316
17.5108,-0.0984886
17.5104,-0.0985474
17.51,-0.0986086
17.5095,-0.0986623
17.5091,-0.0987194
17.5087,-0.0987771
17.5083,-0.0988349
17.5078,-0.0988901
17.5074,-0.0989465
17.507,-0.099003
17.5066,-0.0990604
17.5061,-0.0991171
17.5057,-0.09917
17.5053,-0.0992267
17.5049,-0.0992854
17.5044,-0.0993418
17.504,-0.0993953
17.5036,-0.0994503
17.5032,-0.099508
17.5027,-0.0995628
17.5023,-0.0996172
17.5019,-0.099671
17.5015,-0.099726
17.5011,-0.0997809
17.5006,-0.0998352
17.5002,-0.0998884
17.4998,-0.0999444
17.4994,-0.0999984
17.4989,-0.100051
17.4985,-0.100105
17.4981,-0.100159
17.4977,-0.100212
17.4973,-0.100265
17.4968,-0.100319
17.4964,-0.100371
17.496,-0.100425
17.4956,-0.100477
17.4952,-0.100531
17.4947,-0.100581
17.4943,-0.100634
17.4939,-0.100687
17.4935,-0.100738
17.4931,-0.100791
17.4926,-0.100842
17.4922,-0.100894
17.4918,-0.100946
17.4914,-0.101002
17.491,-0.101047
17.4905,-0.101098
17.4901,-0.101149
17.4897,-0.1012
17.4893,-0.10124
17.4889,-0.101301
17.4885,-0.101351
17.488,-0.101401
17.4876,-0.101451
17.4872,-0.101501
17.4868,-0.10155
17.4864,-0.1016
17.486,-0.10165
17.4856,-0.101698
17.4851,-0.101748
17.4847,-0.101796
17.4843,-0.101846
17.4839,-0.101894
17.4835,-0.101942
17.4831,-0.101991
17.4827,-0.102038
17.4822,-0.102088
17.4818,-0.102136
17.4814,-0.102184
17.481,-0.10223
17.4806,-0.102279
17.4802,-0.102327
17.4798,-0.10237
17.4794,-0.102418
17.4789,-0.102468
17.4785,-0.102514
17.4781,-0.102562
17.4777,-0.102607
17.4773,-0.102655
17.4769,-0.102701
17.4765,-0.102747
17.4761,-0.102792
17.4757,-0.102837
17.4752,-0.102884
17.4748,-0.102929
17.4744,-0.102975
17.474,-0.103019
17.4736,-0.103066
17.4732,-0.103111
17.4728,-0.103156
17.4724,-0.103199
17.472,-0.103245
17.4715,-0.103286
17.4712,-0.103334
17.4707,-0.103377
17.4703,-0.103411
17.4699,-0.103467
17.4695,-0.103509
17.4691,-0.103553
17.4687,-0.103597
17.4683,-0.103639
17.4679,-0.103682
17.4675,-0.103728
17.4671,-0.103768
17.4667,-0.103811
17.4663,-0.103855
17.4659,-0.103896
17.4655,-0.103939
17.4651,-0.103981
17.4646,-0.104025
17.4642,-0.104066
17.4638,-0.104108
17.4634,-0.104149
17.463,-0.10419
17.4626,-0.104234
17.4622,-0.104274
17.4618,-0.104314
17.4614,-0.104355
17.461,-0.104397
17.4606,-0.104436
17.4602,-0.104477
17.4598,-0.104521
17.4594,-0.104556
17.459,-0.1046
17.4586,-0.104639
17.4582,-0.104679
17.4578,-0.104714
17.4574,-0.104757
17.457,-0.1048
17.4566,-0.104837
17.4562,-0.104878
17.4558,-0.104917
17.4554,-0.104954
17.455,-0.104993
17.4546,-0.105032
17.4542,-0.105072
17.4538,-0.105109
17.4534,-0.105149
17.453,-0.105185
17.4526,-0.105224
17.4522,-0.105262
17.4518,-0.105299
17.4514,-0.105336
17.451,-0.105374
17.4506,-0.105412
17.4502,-0.10545
17.4498,-0.105488
17.4494,-0.105521
17.449,-0.10556
17.4486,-0.105597
17.4482,-0.105633
17.4478,-0.105672
17.4474,-0.105714
17.447,-0.105743
17.4466,-0.10578
17.4462,-0.105814
17.4458,-0.10585
17.4454,-0.105887
17.445,-0.105923
17.4446,-0.105957
17.4442,-0.105993
17.4438,-0.106028
17.4434,-0.106062
17.443,-0.106098
17.4426,-0.106133
17.4422,-0.106168
17.4418,-0.106203
17.4414,-0.106236
17.441,-0.10627
17.4406,-0.106305
17.4402,-0.106339
17.4399,-0.106367
17.4395,-0.106407
17.4391,-0.10644
17.4387,-0.106473
17.4383,-0.106507
17.4379,-0.10654
17.4375,-0.106574
17.4371,-0.106605
17.4367,-0.106637
17.4363,-0.106673
17.4359,-0.106705
17.4355,-0.106737
17.4351,-0.106768
17.4347,-0.106801
17.4343,-0.106834
17.4339,-0.106864
17.4335,-0.106897
17.4331,-0.106926
17.4327,-0.106958
17.4324,-0.10699
17.432,-0.107023
17.4316,-0.107051
17.4312,-0.107086
17.4308,-0.107115
17.4304,-0.107146
17.43,-0.107178
17.4296,-0.107208
17.4292,-0.107239
17.4288,-0.107269
17.4285,-0.107298
17.4281,-0.107328
17.4277,-0.107359
17.4273,-0.107387
17.4269,-0.107417
17.4265,-0.107448
17.4261,-0.107477
17.4257,-0.107507
17.4253,-0.107535
17.4249,-0.107564
17.4246,-0.107594
17.4242,-0.107622
17.4238,-0.107651
17.4234,-0.10768
17.423,-0.107706
17.4226,-0.107737
17.4222,-0.107764
17.4219,-0.107791
17.4214,-0.10782
17.4211,-0.107849
17.4207,-0.107877
17.4203,-0.107904
17.4199,-0.107932
17.4195,-0.107957
17.4191,-0.107986
17.4187,-0.108012
17.4183,-0.108039
17.418,-0.108068
17.4176,-0.108093
17.4172,-0.10812
17.4168,-0.108146
17.4164,-0.108173
17.416,-0.1082
17.4156,-0.108224
17.4152,-0.108252
17.4149,-0.108278
17.4145,-0.108303
17.4141,-0.108329
17.4137,-0.108354
17.4133,-0.10838
17.4129,-0.108404
17.4125,-0.108431
17.4122,-0.108455
17.4118,-0.108479
17.4114,-0.108504
17.411,-0.108528
17.4106,-0.108555
17.4102,-0.108578
17.4098,-0.108602
17.4095,-0.108627
17.4091,-0.108648
17.4087,-0.108675
17.4083,-0.108699
17.4079,-0.108722
17.4075,-0.108745
17.4072,-0.108769
17.4068,-0.108792
17.4064,-0.108816
17.406,-0.108837
17.4056,-0.108863
17.4052,-0.108884
17.4049,-0.108908
17.4045,-0.108929
17.4041,-0.108953
17.4037,-0.108976
17.4033,-0.108998
17.4029,-0.10902
17.4026,-0.109042
17.4022,-0.109066
17.4018,-0.109085
17.4014,-0.109107
17.401,-0.109129
17.4007,-0.10915
17.4003,-0.109173
17.3999,-0.109194
17.3995,-0.109214
17.3991,-0.109236
17.3988,-0.109257
17.3984,-0.109274
17.398,-0.109299
17.3976,-0.109317
17.3972,-0.109338
17.3968,-0.109359
17.3965,-0.10938
17.3961,-0.1094
17.3957,-0.109417
17.3953,-0.109438
17.3949,-0.10946
17.3946,-0.109479
17.3942,-0.109497
17.3938,-0.109519
17.3934,-0.109539
17.393,-0.109556
17.3927,-0.109577
17.3923,-0.109595
17.3919,-0.109613
17.3915,-0.109631
17.3912,-0.109651
17.3908,-0.10967
17.3904,-0.109688
17.39,-0.109707
17.3896,-0.109724
17.3893,-0.109742
17.3889,-0.10976
17.3885,-0.109779
17.3881,-0.109796
17.3877,-0.109813
17.3874,-0.109833
17.387,-0.10985
17.3866,-0.109866
17.3862,-0.10989
17.3859,-0.109904
17.3855,-0.109916
17.3851,-0.109923
17.3847,-0.109937
17.3844,-0.109949
17.384,-0.109959
17.3836,-0.109972
17.3832,-0.109984
17.3828,-0.109997
17.3825,-0.110006
17.3821,-0.110019
17.3817,-0.110031
17.3813,-0.110042
17.381,-0.110053
17.3806,-0.110066
17.3802,-0.110076
17.3798,-0.110088
17.3794,-0.110101
17.3791,-0.110111
17.3787,-0.110123
17.3783,-0.110137
17.3779,-0.110148
17.3776,-0.110161
17.3772,-0.11017
17.3768,-0.110183
17.3764,-0.110194
17.3761,-0.110208
17.3757,-0.110222
17.3753,-0.110232
17.3749,-0.110244
17.3745,-0.110256
17.3742,-0.110267
17.3738,-0.11028
17.3734,-0.110293
17.373,-0.110305
17.3727,-0.110315
17.3723,-0.110328
17.3719,-0.11034
17.3715,-0.110353
17.3711,-0.110366
17.3708,-0.11038
17.3704,-0.110389
17.37,-0.110402
17.3696,-0.110415
17.3692,-0.110429
17.3689,-0.110439
17.3685,-0.110455
17.3681,-0.110464
17.3677,-0.110478
17.3674,-0.11049
17.367,-0.110504
17.3666,-0.110518
17.3662,-0.110528
17.3659,-0.110541
17.3655,-0.110557
17.3651,-0.110567
17.3647,-0.110579
17.3643,-0.110592
17.364,-0.110605
17.3636,-0.110618
17.3632,-0.11063
17.3628,-0.110643
17.3624,-0.110658
17.3621,-0.110669
17.3617,-0.110682
17.3613,-0.110695
17.3609,-0.110706
17.3606,-0.11072
17.3602,-0.110734
17.3598,-0.110746
17.3594,-0.110759
17.359,-0.110772
17.3587,-0.110786
17.3583,-0.1108
17.3579,-0.110813
17.3575,-0.110826
17.3572,-0.11084
17.3568,-0.110853
17.3564,-0.110865
17.356,-0.11088
17.3556,-0.110893
17.3553,-0.110905
17.3549,-0.110919
17.3545,-0.110933
17.3541,-0.110946
17.3537,-0.110958
17.3534,-0.110973
17.353,-0.110987
17.3526,-0.110997
17.3522,-0.111013
17.3518,-0.111025
17.3515,-0.11104
17.3511,-0.111053
17.3507,-0.111069
17.3503,-0.111081
17.35,-0.111094
17.3496,-0.111108
17.3492,-0.111121
17.3488,-0.111136
17.3484,-0.111149
17.3481,-0.111162
17.3477,-0.111177
17.3473,-0.111188
17.3469,-0.111204
17.3465,-0.111217
17.3462,-0.111232
17.3458,-0.111245
17.3454,-0.111258
17.345,-0.111274
17.3446,-0.111288
17.3442,-0.111304
17.3439,-0.111317
17.3435,-0.11133
17.3431,-0.111343
17.3427,-0.111359
17.3424,-0.111371
17.342,-0.111386
17.3416,-0.111401
17.3412,-0.111414
17.3408,-0.111427
17.3405,-0.111448
17.3401,-0.111456
17.3397,-0.111471
17.3393,-0.111485
17.339,-0.111498
17.3386,-0.111514
17.3382,-0.111526
17.3378,-0.111542
17.3374,-0.111554
17.3371,-0.111569
17.3367,-0.111584
17.3363,-0.1116
17.3359,-0.111614
17.3355,-0.111632
17.3352,-0.111641
17.3348,-0.111657
17.3344,-0.111671
17.334,-0.111687
17.3336,-0.111701
17.3333,-0.111715
17.3329,-0.111729
17.3325,-0.111743
17.3321,-0.11176
17.3317,-0.111774
17.3314,-0.111787
17.331,-0.111803
17.3306,-0.111817
17.3302,-0.111832
17.3298,-0.111846
17.3294,-0.11186
17.3291,-0.111875
17.3287,-0.111891
17.3283,-0.111905
17.3279,-0.11192
17.3276,-0.111935
17.3272,-0.111949
17.3268,-0.111968
17.3264,-0.111982
17.326,-0.111997
17.3257,-0.11201
17.3253,-0.112027
17.3249,-0.112039
17.3245,-0.112055
17.3241,-0.112069
17.3237,-0.112087
17.3234,-0.112101
17.323,-0.112117
17.3226,-0.112131
17.3222,-0.112147
17.3218,-0.11216
17.3215,-0.112176
17.3211,-0.112192
17.3207,-0.112205
17.3203,-0.112222
17.3199,-0.112238
17.3196,-0.11225
17.3192,-0.112266
17.3188,-0.112283
17.3184,-0.112297
17.318,-0.112313
17.3177,-0.112328
17.3173,-0.112343
17.3169,-0.112358
17.3165,-0.112374
17.3161,-0.112391
17.3158,-0.112407
17.3154,-0.112422
17.315,-0.112438
17.3146,-0.112452
17.3142,-0.112468
17.3139,-0.112482
17.3135,-0.112499
17.3131,-0.112515
17.3127,-0.11253
17.3123,-0.112545
17.3119,-0.112563
17.3116,-0.112576
17.3112,-0.112594
17.3108,-0.112608
17.3104,-0.112625
17.31,-0.112641
17.3097,-0.112656
17.3093,-0.11267
17.3089,-0.112687
17.3085,-0.112703
17.3081,-0.11272
17.3078,-0.112735
17.3074,-0.11275
17.307,-0.112766
17.3066,-0.112781
17.3062,-0.112798
17.3059,-0.112814
17.3055,-0.11283
17.3051,-0.112847
17.3047,-0.112862
17.3043,-0.112879
17.3039,-0.112893
17.3036,-0.11291
17.3032,-0.112928
17.3028,-0.112942
17.3024,-0.112958
17.302,-0.112973
17.3017,-0.112991
17.3013,-0.113007
17.3009,-0.113023
17.3005,-0.11304
17.3001,-0.113056
17.2997,-0.113072
17.2994,-0.113086
17.299,-0.113104
17.2986,-0.113119
17.2982,-0.113137
17.2978,-0.113155
17.2975,-0.113169
17.2971,-0.113183
17.2967,-0.113202
17.2963,-0.113219
17.2959,-0.113235
17.2955,-0.113251
17.2952,-0.113267
17.2948,-0.113284
17.2944,-0.113301
17.294,-0.113316
17.2936,-0.113333
17.2933,-0.113349
17.2929,-0.113366
17.2925,-0.113384
17.2921,-0.1134
17.2917,-0.113414
17.2913,-0.113432
17.291,-0.113447
17.2906,-0.113467
17.2902,-0.113482
17.2898,-0.113496
17.2894,-0.113515
17.2891,-0.113532
17.2887,-0.113549
17.2883,-0.113565
17.2879,-0.113583
17.2875,-0.113599
17.2871,-0.113616
17.2868,-0.113633
17.2864,-0.113649
17.286,-0.113666
17.2856,-0.113684
17.2852,-0.1137
17.2848,-0.113718
17.2845,-0.113735
17.2841,-0.11375
17.2837,-0.113768
17.2833,-0.113784
17.2829,-0.113801
17.2825,-0.11382
17.2822,-0.113836
17.2818,-0.113853
17.2814,-0.113868
17.281,-0.113887
17.2806,-0.113903
17.2803,-0.113921
17.2799,-0.113937
17.2795,-0.113954
17.2791,-0.11397
17.2787,-0.113989
17.2784,-0.114006
17.278,-0.114023
17.2776,-0.11404
17.2772,-0.114058
17.2768,-0.114073
17.2764,-0.114093
17.2761,-0.11411
17.2757,-0.114129
17.2753,-0.114142
17.2749,-0.11416
17.2745,-0.11418
17.2741,-0.114196
17.2737,-0.114214
17.2734,-0.114231
17.273,-0.114248
17.2726,-0.114265
17.2722,-0.114284
17.2718,-0.114299
17.2715,-0.114318
17.2711,-0.114334
17.2707,-0.114352
17.2703,-0.11437
17.2699,-0.114387
17.2695,-0.114405
17.2692,-0.114422
17.2688,-0.114434
17.2684,-0.114458
17.268,-0.114481
17.2676,-0.114503
17.2673,-0.114525
17.2669,-0.114549
17.2665,-0.11457
17.2661,-0.114595
17.2657,-0.114616
17.2653,-0.114637
17.265,-0.114657
17.2646,-0.114683
17.2642,-0.114705
17.2638,-0.114726
17.2635,-0.114744
17.2631,-0.114769
17.2627,-0.114792
17.2623,-0.114811
17.2619,-0.114832
17.2615,-0.114853
17.2611,-0.114876
17.2608,-0.114897
17.2604,-0.114914
17.26,-0.114937
17.2596,-0.114958
17.2592,-0.114977
17.2588,-0.114999
17.2585,-0.115018
17.2581,-0.115037
17.2577,-0.115059
17.2573,-0.11508
17.257,-0.115099
17.2566,-0.115118
17.2562,-0.115137
17.2558,-0.115155
17.2554,-0.115177
17.2551,-0.115196
17.2547,-0.115208
17.2543,-0.115233
17.2539,-0.115253
17.2535,-0.115271
17.2532,-0.115289
17.2528,-0.115309
17.2524,-0.115325
17.252,-0.115344
17.2516,-0.115361
17.2513,-0.115382
17.2509,-0.115396
17.2505,-0.115415
17.2501,-0.115432
17.2498,-0.115452
17.2494,-0.115468
17.249,-0.115485
17.2486,-0.115504
17.2483,-0.115526
17.2479,-0.115536
17.2475,-0.115549
17.2471,-0.115561
17.2467,-0.115571
17.2464,-0.115582
17.246,-0.115594
17.2456,-0.115606
17.2452,-0.115618
17.2449,-0.115628
17.2445,-0.115639
17.2441,-0.115651
17.2437,-0.115663
17.2433,-0.115676
17.243,-0.115686
17.2426,-0.115698
17.2422,-0.11571
17.2418,-0.115722
17.2415,-0.115732
17.2411,-0.115747
17.2407,-0.11576
17.2403,-0.115769
17.24,-0.11578
17.2396,-0.115794
17.2392,-0.115805
17.2388,-0.115817
17.2384,-0.115829
17.2381,-0.115843
17.2377,-0.115853
17.2373,-0.115867
17.2369,-0.115877
17.2366,-0.11589
17.2362,-0.115901
17.2358,-0.115914
17.2354,-0.115925
17.235,-0.115939
17.2347,-0.115951
17.2343,-0.115962
17.2339,-0.115976
17.2335,-0.115986
17.2332,-0.116001
17.2328,-0.116011
17.2324,-0.116025
17.232,-0.116036
17.2316,-0.11605
17.2312,-0.116062
17.2309,-0.116074
17.2305,-0.116086
17.2301,-0.116099
17.2298,-0.116112
17.2294,-0.116124
17.229,-0.116137
17.2286,-0.11615
17.2282,-0.116163
17.2279,-0.116176
17.2275,-0.116188
17.2271,-0.116201
17.2267,-0.116214
17.2263,-0.116227
17.226,-0.116239
17.2256,-0.116251
17.2252,-0.116269
17.2248,-0.116278
17.2245,-0.116292
17.2241,-0.116305
17.2237,-0.116316
17.2233,-0.11633
17.2229,-0.116341
17.2226,-0.116355
17.2222,-0.11637
17.2218,-0.11638
17.2214,-0.116395
17.2211,-0.116408
17.2207,-0.116421
17.2203,-0.116434
17.2199,-0.116446
17.2195,-0.116461
17.2192,-0.116474
17.2188,-0.116487
17.2184,-0.1165
17.218,-0.116512
17.2176,-0.116526
17.2173,-0.116539
17.2169,-0.116552
17.2166,-0.116565
17.2161,-0.11658
17.2158,-0.116593
17.2154,-0.116605
17.215,-0.116621
17.2146,-0.116634
17.2142,-0.116649
17.2139,-0.11666
17.2135,-0.116675
17.2131,-0.116686
17.2127,-0.116702
17.2123,-0.116715
17.212,-0.116728
17.2116,-0.116743
17.2112,-0.116755
17.2108,-0.116769
17.2105,-0.116784
17.2101,-0.116796
17.2097,-0.116812
17.2093,-0.116824
17.2089,-0.11684
17.2086,-0.116853
17.2082,-0.116865
17.2078,-0.116879
17.2075,-0.116894
17.207,-0.116908
17.2067,-0.116923
17.2063,-0.116936
17.2059,-0.11695
17.2055,-0.116963
17.2051,-0.116977
17.2048,-0.116993
17.2044,-0.117005
17.204,-0.117019
17.2036,-0.117034
17.2032,-0.117048
17.2029,-0.117063
17.2025,-0.117076
17.2021,-0.117091
17.2017,-0.117104
17.2013,-0.11712
17.201,-0.117134
17.2006,-0.117147
17.2002,-0.117162
17.1998,-0.117176
17.1994,-0.11719
17.1991,-0.117206
17.1987,-0.117218
17.1983,-0.117232
17.1979,-0.117249
17.1975,-0.117262
17.1972,-0.117277
17.1968,-0.11729
17.1964,-0.117304
17.196,-0.11732
17.1956,-0.117335
17.1953,-0.117349
17.1949,-0.117365
17.1945,-0.117379
17.1941,-0.117394
17.1937,-0.117408
17.1934,-0.117422
17.193,-0.117436
17.1926,-0.117451
17.1922,-0.117467
17.1918,-0.117483
17.1915,-0.117498
17.1911,-0.117512
17.1907,-0.117526
17.1903,-0.117542
17.1899,-0.117558
17.1896,-0.117572
17.1892,-0.117587
17.1888,-0.117601
17.1884,-0.117615
17.188,-0.11763
17.1877,-0.117647
17.1873,-0.11766
17.1869,-0.117675
17.1865,-0.117689
17.1861,-0.117704
17.1858,-0.117721
17.1854,-0.117736
17.185,-0.117749
17.1846,-0.117766
17.1842,-0.11778
17.1839,-0.117795
17.1835,-0.117812
17.1831,-0.117825
17.1827,-0.117842
17.1823,-0.117857
17.182,-0.117874
17.1816,-0.117888
17.1812,-0.117902
17.1808,-0.117918
17.1804,-0.117931
17.1801,-0.117949
17.1797,-0.117964
17.1793,-0.117979
17.1789,-0.117995
17.1785,-0.118011
17.1782,-0.118025
17.1778,-0.11804
17.1774,-0.118057
17.177,-0.118072
17.1766,-0.118089
17.1762,-0.118102
17.1759,-0.11812
17.1755,-0.118134
17.1751,-0.118147
17.1747,-0.118166
17.1743,-0.118181
17.174,-0.118196
17.1736,-0.118213
17.1732,-0.118228
17.1728,-0.118244
17.1724,-0.118262
17.1721,-0.118277
17.1717,-0.118292
17.1713,-0.118307
17.1709,-0.118325
17.1705,-0.118341
17.1702,-0.118355
17.1698,-0.118369
17.1694,-0.118386
17.169,-0.118402
17.1686,-0.118417
17.1682,-0.118434
17.1679,-0.11845
17.1675,-0.118464
17.1671,-0.118481
17.1667,-0.118496
17.1663,-0.118513
17.166,-0.118529
17.1656,-0.118545
17.1652,-0.118562
17.1648,-0.118578
17.1644,-0.118594
17.164,-0.118609
17.1637,-0.118626
17.1633,-0.118644
17.1629,-0.118657
17.1625,-0.118673
17.1621,-0.118688
17.1617,-0.118708
17.1614,-0.118724
17.161,-0.118739
17.1606,-0.118756
17.1602,-0.118772
17.1599,-0.11879
17.1595,-0.118805
17.1591,-0.11882
17.1587,-0.118838
17.1583,-0.118855
17.1579,-0.118868
17.1576,-0.118887
17.1572,-0.118903
17.1568,-0.118919
17.1564,-0.118936
17.1561,-0.11895
17.1557,-0.118968
17.1553,-0.118986
17.1549,-0.119003
17.1545,-0.119018
17.1541,-0.119036
17.1537,-0.119052
17.1534,-0.119069
17.153,-0.119085
17.1526,-0.119103
17.1522,-0.11912
17.1518,-0.119135
17.1515,-0.119152
17.1511,-0.119169
17.1507,-0.119186
17.1503,-0.119202
17.1499,-0.119219
17.1495,-0.119235
17.1492,-0.119252
17.1488,-0.119268
17.1484,-0.119284
17.148,-0.119304
17.1476,-0.119319
17.1472,-0.119335
17.1469,-0.119352
17.1465,-0.119371
17.1461,-0.119387
17.1457,-0.119404
17.1453,-0.119421
17.145,-0.119438
17.1446,-0.119454
17.1442,-0.119472
17.1438,-0.11949
17.1434,-0.119506
17.143,-0.119524
17.1427,-0.11954
17.1423,-0.119556
17.1419,-0.119574
17.1415,-0.119591
17.1411,-0.119609
17.1407,-0.119627
17.1404,-0.119643
17.14,-0.119659
17.1396,-0.119675
17.1392,-0.119694
17.1388,-0.119711
17.1385,-0.119729
17.1381,-0.119747
17.1377,-0.119763
17.1373,-0.11978
17.137,-0.119797
17.1365,-0.119815
17.1361,-0.119832
17.1358,-0.119849
17.1354,-0.119867
17.135,-0.119883
17.1346,-0.119901
17.1342,-0.11992
17.1339,-0.119936
17.1335,-0.119954
17.1331,-0.11997
17.1327,-0.119989
17.1323,-0.120007
17.1319,-0.120025
17.1316,-0.12004
17.1312,-0.120054
17.1308,-0.120074
17.1304,-0.120096
17.13,-0.120118
17.1296,-0.120143
17.1293,-0.120164
17.1289,-0.120188
17.1285,-0.120211
17.1281,-0.120234
17.1277,-0.120255
17.1274,-0.120277
17.127,-0.1203
17.1266,-0.120323
17.1262,-0.120344
17.1258,-0.120364
17.1254,-0.120387
17.1251,-0.120408
17.1247,-0.12043
17.1243,-0.120451
17.1239,-0.12047
17.1235,-0.120495
17.1232,-0.120513
17.1228,-0.120534
17.1224,-0.120555
17.122,-0.120576
17.1216,-0.120598
17.1213,-0.120614
17.1209,-0.120636
17.1205,-0.120656
17.1201,-0.120678
17.1197,-0.120697
17.1194,-0.120719
17.119,-0.120736
17.1186,-0.120754
17.1182,-0.120775
17.1178,-0.120794
17.1175,-0.120812
17.1171,-0.12083
17.1167,-0.120851
17.1163,-0.120871
17.1159,-0.120888
17.1155,-0.120904
17.1152,-0.120924
17.1148,-0.120945
17.1144,-0.120962
17.114,-0.120983
17.1137,-0.120999
17.1133,-0.121016
17.1129,-0.121035
17.1125,-0.121052
17.1122,-0.121072
17.1118,-0.121086
17.1114,-0.121107
17.111,-0.121121
17.1106,-0.121146
17.1103,-0.121157
17.1099,-0.121171
17.1095,-0.121181
17.1091,-0.121192
17.1088,-0.121203
17.1084,-0.121216
17.108,-0.121228
17.1076,-0.12124
17.1073,-0.121252
17.1069,-0.121262
17.1065,-0.121273
17.1061,-0.121285
17.1057,-0.121298
17.1054,-0.121308
17.105,-0.121321
17.1046,-0.121331
17.1042,-0.121343
17.1039,-0.121356
17.1035,-0.121368
17.1031,-0.121381
17.1027,-0.12139
17.1023,-0.121404
17.102,-0.121415
17.1016,-0.121426
17.1012,-0.121439
17.1008,-0.12145
17.1005,-0.121464
17.1001,-0.121476
17.0997,-0.121487
17.0993,-0.121499
17.0989,-0.121513
17.0986,-0.121523
17.0982,-0.121536
17.0978,-0.121548
17.0974,-0.121559
17.0971,-0.121573
17.0967,-0.121584
17.0963,-0.121597
17.0959,-0.121608
17.0956,-0.121623
17.0952,-0.121633
17.0948,-0.121647
17.0944,-0.121657
17.094,-0.121672
17.0937,-0.121685
17.0933,-0.121695
17.0929,-0.121705
17.0925,-0.121722
17.0921,-0.121735
17.0918,-0.121746
17.0914,-0.121759
17.091,-0.121771
17.0906,-0.121784
17.0903,-0.121797
17.0899,-0.121808
17.0895,-0.121822
17.0891,-0.121834
17.0887,-0.121848
17.0884,-0.12186
17.088,-0.121873
17.0876,-0.121887
17.0872,-0.121899
17.0869,-0.121912
17.0865,-0.121927
17.0861,-0.121939
17.0857,-0.12195
17.0853,-0.121964
17.085,-0.121975
17.0846,-0.121989
17.0842,-0.122001
17.0838,-0.122014
17.0834,-0.122029
17.0831,-0.122042
17.0827,-0.122055
17.0823,-0.122068
17.0819,-0.122082
17.0815,-0.122096
17.0812,-0.122108
17.0808,-0.122128
17.0805,-0.122133
17.08,-0.122147
17.0797,-0.12216
17.0793,-0.122175
17.0789,-0.122189
17.0785,-0.122201
17.0781,-0.122214
17.0778,-0.122228
17.0774,-0.122242
17.077,-0.122253
17.0766,-0.122269
17.0763,-0.12228
17.0759,-0.122294
17.0755,-0.122309
17.0751,-0.122323
17.0747,-0.122336
17.0744,-0.122352
17.074,-0.122364
17.0736,-0.122378
17.0732,-0.12239
17.0728,-0.122403
17.0725,-0.122417
17.0721,-0.122432
17.0717,-0.122445
17.0713,-0.122458
17.0709,-0.122473
17.0706,-0.122487
17.0702,-0.1225
17.0698,-0.122515
17.0694,-0.122528
17.069,-0.122543
17.0687,-0.122555
17.0683,-0.12257
17.0679,-0.122585
17.0675,-0.122599
17.0672,-0.122613
17.0668,-0.122627
17.0664,-0.122641
17.066,-0.122655
17.0656,-0.122668
17.0652,-0.122683
17.0649,-0.122698
17.0645,-0.122711
17.0641,-0.122726
17.0637,-0.122739
17.0634,-0.122754
17.063,-0.122768
17.0626,-0.122781
17.0622,-0.122798
17.0618,-0.122812
17.0615,-0.122826
17.0611,-0.122839
17.0607,-0.122855
17.0603,-0.122869
17.0599,-0.122884
17.0596,-0.122898
17.0592,-0.122912
17.0588,-0.122928
17.0584,-0.122943
17.0581,-0.122957
17.0577,-0.12297
17.0573,-0.122984
17.0569,-0.122999
17.0565,-0.123015
17.0561,-0.123029
17.0558,-0.123043
17.0554,-0.123059
17.055,-0.123072
17.0546,-0.123088
17.0542,-0.123103
17.0539,-0.123117
17.0535,-0.123135
17.0531,-0.123146
17.0527,-0.123162
17.0523,-0.123174
17.052,-0.12319
17.0516,-0.123207
17.0512,-0.123221
17.0508,-0.123235
17.0504,-0.123251
17.0501,-0.123266
17.0497,-0.12328
17.0493,-0.123295
17.0489,-0.123313
17.0485,-0.123325
17.0482,-0.12334
17.0478,-0.123357
17.0474,-0.123371
17.047,-0.123386
17.0466,-0.123402
17.0462,-0.123417
17.0459,-0.123433
17.0455,-0.123447
17.0451,-0.123463
17.0447,-0.123478
17.0444,-0.123493
17.044,-0.123507
17.0436,-0.123523
17.0432,-0.123539
17.0428,-0.123554
17.0424,-0.12357
17.0421,-0.123583
17.0417,-0.1236
17.0413,-0.123616
17.0409,-0.123629
17.0405,-0.123646
17.0402,-0.12366
17.0398,-0.123677
17.0394,-0.123692
17.039,-0.123708
17.0386,-0.123725
17.0382,-0.123741
17.0379,-0.123754
17.0375,-0.123769
17.0371,-0.123785
17.0367,-0.123802
17.0364,-0.123816
17.036,-0.123833
17.0356,-0.123848
17.0352,-0.123861
17.0348,-0.123881
17.0344,-0.123894
17.0341,-0.123912
17.0337,-0.123928
17.0333,-0.123945
17.0329,-0.123959
17.0325,-0.123975
17.0322,-0.123991
17.0318,-0.124007
17.0314,-0.124022
17.031,-0.124038
17.0306,-0.124055
17.0303,-0.124069
17.0299,-0.124085
17.0295,-0.124102
17.0291,-0.124116
17.0287,-0.124133
17.0283,-0.124149
17.028,-0.124165
17.0276,-0.124181
17.0272,-0.124198
17.0268,-0.124214
17.0264,-0.124232
17.0261,-0.124245
17.0257,-0.124261
17.0253,-0.124278
17.0249,-0.124295
17.0245,-0.124312
17.0242,-0.124327
17.0238,-0.124344
17.0234,-0.12436
17.023,-0.124375
17.0226,-0.124393
17.0222,-0.124408
17.0219,-0.124425
17.0215,-0.124442
17.0211,-0.124457
17.0207,-0.124473
17.0203,-0.124488
17.0199,-0.124506
17.0196,-0.124521
17.0192,-0.12454
17.0188,-0.124557
17.0184,-0.124572
17.018,-0.124588
17.0177,-0.124605
17.0173,-0.124623
17.0169,-0.124637
17.0165,-0.124655
17.0161,-0.124671
17.0158,-0.124689
17.0154,-0.12471
17.015,-0.124722
17.0146,-0.124738
17.0142,-0.124756
17.0138,-0.124771
17.0135,-0.124788
17.0131,-0.124806
17.0127,-0.124821
17.0123,-0.124837
17.0119,-0.124855
17.0116,-0.124872
17.0112,-0.124888
17.0108,-0.124905
17.0104,-0.124924
17.01,-0.124939
17.0096,-0.124957
17.0093,-0.124974
17.0089,-0.124989
17.0085,-0.125007
17.0081,-0.125022
17.0077,-0.125042
17.0073,-0.125058
17.007,-0.125073
17.0066,-0.125092
17.0062,-0.125108
17.0058,-0.125124
17.0054,-0.125142
17.0051,-0.125159
17.0046,-0.125178
17.0043,-0.125192
17.0039,-0.12521
17.0035,-0.125227
17.0031,-0.125245
17.0028,-0.125263
17.0024,-0.125278
17.002,-0.125296
17.0016,-0.125313
17.0012,-0.125331
17.0008,-0.12535
17.0005,-0.125365
17.0001,-0.12538
16.9997,-0.1254
16.9993,-0.125418
16.9989,-0.125435
16.9985,-0.12545
16.9982,-0.125468
16.9978,-0.125488
16.9974,-0.125504
16.997,-0.12552
16.9966,-0.125537
16.9963,-0.125556
16.9959,-0.125572
16.9955,-0.125591
16.9951,-0.125605
16.9947,-0.125626
16.9943,-0.125644
16.994,-0.12566
16.9936,-0.125675
16.9932,-0.12569
16.9928,-0.125713
16.9924,-0.125737
16.992,-0.125761
16.9917,-0.125783
16.9913,-0.125806
16.9909,-0.125828
16.9905,-0.12585
16.9901,-0.125872
16.9897,-0.125895
16.9894,-0.125913
16.989,-0.12594
16.9886,-0.125961
16.9882,-0.125981
16.9878,-0.126003
16.9875,-0.126027
16.9871,-0.126046
16.9867,-0.126069
16.9863,-0.126089
16.9859,-0.126111
16.9855,-0.126131
16.9852,-0.126152
16.9848,-0.12617
16.9844,-0.126194
16.984,-0.126214
16.9836,-0.126235
16.9833,-0.126255
16.9829,-0.126273
16.9825,-0.126294
16.9821,-0.126315
16.9817,-0.126336
16.9814,-0.126354
16.981,-0.126375
16.9806,-0.126393
16.9802,-0.126413
16.9798,-0.126432
16.9795,-0.126452
16.9791,-0.126469
16.9787,-0.12649
16.9783,-0.126508
16.9779,-0.126527
16.9776,-0.126546
16.9772,-0.126563
16.9768,-0.126581
16.9764,-0.1266
16.9761,-0.126618
16.9757,-0.126637
16.9753,-0.126653
16.9749,-0.126671
16.9745,-0.12669
16.9742,-0.126708
16.9738,-0.126725
16.9734,-0.126741
16.9731,-0.126765
16.9727,-0.12678
16.9723,-0.126792
16.9719,-0.126803
16.9715,-0.126814
16.9712,-0.126827
16.9708,-0.126836
16.9704,-0.126848
16.9701,-0.126859
16.9696,-0.126872
16.9693,-0.126884
16.9689,-0.126894
16.9685,-0.126906
16.9681,-0.126918
16.9678,-0.12693
16.9674,-0.12694
16.967,-0.126955
16.9666,-0.126966
16.9662,-0.126977
16.9659,-0.12699
16.9655,-0.127001
16.9651,-0.127011
16.9647,-0.127025
16.9644,-0.127038
16.964,-0.12705
16.9636,-0.12706
16.9632,-0.127072
16.9628,-0.127084
16.9625,-0.127095
16.9621,-0.127108
16.9617,-0.127121
16.9613,-0.127133
16.961,-0.127144
16.9606,-0.127159
16.9602,-0.127169
16.9598,-0.127181
16.9595,-0.127192
16.9591,-0.127206
16.9587,-0.127218
16.9583,-0.12723
16.9579,-0.127245
16.9576,-0.127254
16.9572,-0.127267
16.9568,-0.127278
16.9564,-0.127292
16.9561,-0.127303
16.9557,-0.127318
16.9553,-0.127328
16.9549,-0.127343
16.9545,-0.127355
16.9542,-0.127367
16.9538,-0.12738
16.9534,-0.127392
16.953,-0.127405
16.9527,-0.127417
16.9523,-0.12743
16.9519,-0.127444
16.9515,-0.127457
16.9512,-0.127468
16.9508,-0.127481
16.9504,-0.127493
16.95,-0.127509
16.9496,-0.12752
16.9492,-0.127532
16.9489,-0.127545
16.9485,-0.127558
16.9481,-0.127573
16.9477,-0.127585
16.9474,-0.127597
16.947,-0.127611
16.9466,-0.127622
16.9462,-0.127637
16.9458,-0.127648
16.9455,-0.127662
16.9451,-0.127675
16.9447,-0.127689
16.9443,-0.127704
16.944,-0.127715
16.9436,-0.127728
16.9432,-0.12774
16.9428,-0.127756
16.9424,-0.127767
16.9421,-0.127782
16.9417,-0.127795
16.9413,-0.127809
16.9409,-0.127822
16.9405,-0.127836
16.9402,-0.127849
16.9398,-0.127863
16.9394,-0.127876
16.939,-0.12789
16.9386,-0.127903
16.9383,-0.127918
16.9379,-0.12793
16.9375,-0.127943
16.9371,-0.127956
16.9368,-0.127969
16.9364,-0.127984
16.936,-0.127998
16.9356,-0.128009
16.9352,-0.128024
16.9348,-0.128039
16.9345,-0.128052
16.9341,-0.128066
16.9337,-0.128078
16.9333,-0.128093
16.933,-0.128109
16.9326,-0.128122
16.9322,-0.128136
16.9318,-0.12815
16.9314,-0.128164
16.9311,-0.128177
16.9307,-0.128192
16.9303,-0.128206
16.9299,-0.128219
16.9295,-0.128233
16.9292,-0.12825
16.9288,-0.128262
16.9284,-0.128275
16.928,-0.128293
16.9276,-0.128301
16.9273,-0.128317
16.9269,-0.128332
16.9265,-0.128346
16.9261,-0.128361
16.9258,-0.128375
16.9254,-0.128388
16.925,-0.128402
16.9246,-0.128418
16.9242,-0.128432
16.9239,-0.128447
16.9235,-0.128461
16.9231,-0.128475
16.9227,-0.128489
16.9223,-0.128504
16.9219,-0.128521
16.9216,-0.128532
16.9212,-0.128545
16.9208,-0.128562
16.9205,-0.128575
16.9201,-0.12859
16.9197,-0.128602
16.9193,-0.12862
16.9189,-0.128634
16.9185,-0.12865
16.9182,-0.128663
16.9178,-0.128678
16.9174,-0.128693
16.917,-0.128707
16.9166,-0.128723
16.9163,-0.128738
16.9159,-0.128753
16.9155,-0.128767
16.9151,-0.128782
16.9147,-0.128797
16.9144,-0.128812
16.914,-0.128827
16.9136,-0.128841
16.9132,-0.128855
16.9128,-0.128871
16.9125,-0.128887
16.9121,-0.1289
16.9117,-0.128917
16.9113,-0.128932
16.9109,-0.128945
16.9106,-0.128962
16.9102,-0.128977
16.9098,-0.128991
16.9094,-0.129006
16.909,-0.129023
16.9086,-0.129037
16.9083,-0.129052
16.9079,-0.12907
16.9075,-0.129081
16.9071,-0.129097
16.9067,-0.129114
16.9064,-0.129128
16.906,-0.129143
16.9056,-0.129157
16.9052,-0.129174
16.9048,-0.129191
16.9045,-0.129204
16.9041,-0.12922
16.9037,-0.129248
16.9033,-0.129251
16.9029,-0.129265
16.9025,-0.129281
16.9022,-0.129296
16.9018,-0.129312
16.9014,-0.129327
16.901,-0.129345
16.9007,-0.12936
16.9003,-0.129375
16.8999,-0.129389
16.8995,-0.129407
16.8991,-0.129421
16.8987,-0.129437
16.8984,-0.129453
16.898,-0.129467
16.8976,-0.129484
16.8972,-0.1295
16.8968,-0.129515
16.8965,-0.129531
16.8961,-0.129547
16.8957,-0.129565
16.8953,-0.129579
16.8949,-0.129593
16.8946,-0.129612
16.8942,-0.129626
16.8938,-0.129641
16.8934,-0.129657
16.893,-0.129674
16.8926,-0.129692
16.8923,-0.129707
16.8919,-0.12972
16.8915,-0.129737
16.8911,-0.129754
16.8907,-0.12977
16.8904,-0.129786
16.89,-0.129803
16.8896,-0.129817
16.8892,-0.129835
16.8888,-0.129851
16.8884,-0.129867
16.8881,-0.129882
16.8877,-0.129897
16.8873,-0.129914
16.8869,-0.129933
16.8866,-0.129947
16.8862,-0.129962
16.8858,-0.129979
16.8854,-0.129997
16.885,-0.130011
16.8846,-0.130027
16.8843,-0.130045
16.8839,-0.130063
16.8835,-0.130077
16.8831,-0.130093
16.8827,-0.130111
16.8823,-0.130128
16.882,-0.130141
16.8816,-0.130157
16.8812,-0.130176
16.8808,-0.130191
16.8804,-0.130209
16.88,-0.130226
16.8797,-0.130241
16.8793,-0.130257
16.8789,-0.130275
16.8785,-0.130292
16.8781,-0.13031
16.8778,-0.130324
16.8774,-0.130342
16.877,-0.130357
16.8766,-0.130375
16.8762,-0.130392
16.8758,-0.130408
16.8755,-0.130424
16.8751,-0.130441
16.8747,-0.130458
16.8743,-0.130478
16.8739,-0.13049
16.8736,-0.130507
16.8732,-0.130524
16.8728,-0.130542
16.8724,-0.130558
16.872,-0.130574
16.8716,-0.130593
16.8713,-0.13061
16.8709,-0.130626
16.8705,-0.130643
16.8701,-0.130659
16.8697,-0.130676
16.8694,-0.130693
16.869,-0.130709
16.8686,-0.130728
16.8682,-0.130745
16.8678,-0.130761
16.8674,-0.13078
16.8671,-0.130798
16.8667,-0.130813
16.8663,-0.130829
16.8659,-0.130846
16.8655,-0.130865
16.8652,-0.130881
16.8648,-0.130899
16.8644,-0.130915
16.864,-0.130934
16.8636,-0.130949
16.8632,-0.130969
16.8629,-0.130984
16.8625,-0.131001
16.8621,-0.131018
16.8617,-0.131037
16.8613,-0.131053
16.8609,-0.131071
16.8606,-0.131089
16.8602,-0.131105
16.8598,-0.131123
16.8594,-0.13114
16.859,-0.13116
16.8586,-0.131173
16.8583,-0.131191
16.8579,-0.13121
16.8575,-0.131228
16.8571,-0.131244
16.8567,-0.131261
16.8563,-0.13128
16.856,-0.131296
16.8556,-0.131308
16.8552,-0.13133
16.8548,-0.131353
16.8544,-0.131376
16.8541,-0.131399
16.8537,-0.131422
16.8533,-0.131447
16.8529,-0.131469
16.8525,-0.13149
16.8521,-0.131511
16.8518,-0.131531
16.8514,-0.131558
16.851,-0.131579
16.8506,-0.131601
16.8502,-0.131622
16.8498,-0.131645
16.8495,-0.131665
16.8491,-0.131684
16.8487,-0.131706
16.8483,-0.131729
16.8479,-0.131751
16.8476,-0.13177
16.8472,-0.131791
16.8468,-0.131811
16.8464,-0.131832
16.846,-0.131852
16.8457,-0.131872
16.8453,-0.131892
16.8449,-0.131912
16.8445,-0.131934
16.8441,-0.131953
16.8438,-0.131974
16.8434,-0.131994
16.843,-0.132009
16.8426,-0.132032
16.8422,-0.132052
16.8419,-0.132069
16.8415,-0.132089
16.8411,-0.132108
16.8407,-0.132126
16.8403,-0.132146
16.84,-0.132164
16.8396,-0.132183
16.8392,-0.1322
16.8388,-0.132221
16.8385,-0.132236
16.8381,-0.132256
16.8377,-0.132274
16.8373,-0.132292
16.8369,-0.132309
16.8366,-0.132326
16.8362,-0.132342
16.8358,-0.132361
16.8354,-0.132379
16.8351,-0.1324
16.8347,-0.132414
16.8343,-0.132425
16.8339,-0.132435
16.8335,-0.132448
16.8332,-0.132461
16.8328,-0.132471
16.8324,-0.13248
16.832,-0.132494
16.8317,-0.132504
16.8313,-0.132518
16.8309,-0.132526
16.8305,-0.132539
16.8301,-0.132552
16.8298,-0.132563
16.8294,-0.132573
16.829,-0.132587
16.8286,-0.1326
16.8283,-0.132609
16.8279,-0.132622
16.8275,-0.132633
16.8271,-0.132644
16.8268,-0.132657
16.8264,-0.132669
16.826,-0.132683
16.8256,-0.132695
16.8252,-0.132706
16.8249,-0.132718
16.8245,-0.13273
16.8241,-0.132744
16.8237,-0.132754
16.8234,-0.132766
16.823,-0.132778
16.8226,-0.132789
16.8222,-0.132803
16.8218,-0.132815
16.8215,-0.132829
16.8211,-0.132839
16.8207,-0.132852
16.8203,-0.132862
16.82,-0.132875
16.8196,-0.132889
16.8192,-0.132901
16.8188,-0.132913
16.8184,-0.132925
16.8181,-0.132939
16.8177,-0.132951
16.8173,-0.132963
16.8169,-0.132974
16.8166,-0.132989
16.8162,-0.132999
16.8158,-0.133013
16.8154,-0.133025
16.815,-0.133038
16.8147,-0.13305
16.8143,-0.133064
16.8139,-0.133078
16.8135,-0.133091
16.8132,-0.133102
16.8128,-0.133118
16.8124,-0.133129
16.812,-0.133141
16.8116,-0.133152
16.8113,-0.133168
16.8109,-0.13318
16.8105,-0.133192
16.8101,-0.13321
16.8097,-0.13322
16.8094,-0.133231
16.809,-0.133244
16.8086,-0.133256
16.8082,-0.133273
16.8078,-0.133283
16.8075,-0.133297
16.8071,-0.133309
16.8067,-0.133322
16.8063,-0.133337
16.806,-0.13335
16.8056,-0.133363
16.8052,-0.133376
16.8048,-0.133388
16.8044,-0.133402
16.8041,-0.133417
16.8037,-0.133429
16.8033,-0.133442
16.8029,-0.133456
16.8026,-0.13347
16.8022,-0.133483
16.8018,-0.133497
16.8014,-0.133511
16.801,-0.133524
16.8007,-0.133537
16.8003,-0.133549
16.7999,-0.133564
16.7995,-0.133577
16.7992,-0.133589
16.7988,-0.133604
16.7984,-0.133618
16.798,-0.133631
16.7976,-0.133649
16.7972,-0.133661
16.7969,-0.133673
16.7965,-0.133687
16.7961,-0.1337
16.7957,-0.133715
16.7954,-0.133727
16.795,-0.133741
16.7946,-0.133754
16.7942,-0.133773
16.7938,-0.133784
16.7934,-0.133798
16.7931,-0.133811
16.7927,-0.133824
16.7923,-0.133839
16.7919,-0.133854
16.7916,-0.133869
16.7912,-0.133882
16.7908,-0.133895
16.7904,-0.13391
16.79,-0.133925
16.7897,-0.133938
16.7893,-0.133952
16.7889,-0.133967
16.7885,-0.133981
16.7881,-0.133994
16.7878,-0.13401
16.7874,-0.134026
16.787,-0.134038
16.7866,-0.134051
16.7862,-0.134066
16.7859,-0.134082
16.7855,-0.134095
16.7851,-0.134108
16.7847,-0.134124
16.7843,-0.134137
16.784,-0.134153
16.7836,-0.134165
16.7832,-0.134183
16.7828,-0.134197
16.7824,-0.13421
16.7821,-0.134227
16.7817,-0.13424
16.7813,-0.134254
16.7809,-0.134269
16.7805,-0.134286
16.7802,-0.134298
16.7798,-0.134314
16.7794,-0.134329
16.779,-0.134342
16.7786,-0.134359
16.7783,-0.134375
16.7779,-0.134389
16.7775,-0.134405
16.7771,-0.134418
16.7767,-0.134432
16.7764,-0.134446
16.776,-0.134462
16.7756,-0.134477
16.7752,-0.134491
16.7748,-0.134507
16.7745,-0.13452
16.7741,-0.134538
16.7737,-0.134551
16.7734,-0.134565
16.7729,-0.134581
16.7726,-0.134597
16.7722,-0.134619
16.7718,-0.134625
16.7714,-0.134642
16.771,-0.134658
16.7707,-0.134672
16.7703,-0.134687
16.7699,-0.134701
16.7695,-0.134719
16.7691,-0.134732
16.7688,-0.134749
16.7684,-0.134763
16.768,-0.134778
16.7676,-0.134797
16.7672,-0.13481
16.7668,-0.134824
16.7665,-0.134838
16.7661,-0.134855
16.7657,-0.134871
16.7653,-0.134886
16.765,-0.1349
16.7646,-0.134918
16.7642,-0.134932
16.7638,-0.134948
16.7634,-0.134962
16.763,-0.134979
16.7627,-0.134994
16.7623,-0.135008
16.7619,-0.135024
16.7615,-0.13504
16.7611,-0.135056
16.7608,-0.135072
16.7604,-0.135089
16.76,-0.135105
16.7596,-0.13512
16.7592,-0.135135
16.7588,-0.135152
16.7585,-0.135167
16.7581,-0.135182
16.7577,-0.135197
16.7573,-0.135216
16.7569,-0.13523
16.7566,-0.135246
16.7562,-0.135261
16.7558,-0.135277
16.7554,-0.135292
16.755,-0.135309
16.7547,-0.135325
16.7543,-0.135341
16.7539,-0.135355
16.7535,-0.135374
16.7531,-0.135389
16.7528,-0.135404
16.7524,-0.135422
16.752,-0.135438
16.7516,-0.135452
16.7512,-0.135469
16.7508,-0.135485
16.7505,-0.135502
16.7501,-0.135517
16.7497,-0.135531
16.7493,-0.135549
16.7489,-0.135565
16.7486,-0.135582
16.7482,-0.135599
16.7478,-0.135615
16.7474,-0.135631
16.747,-0.135646
16.7467,-0.135664
16.7463,-0.13568
16.7459,-0.135697
16.7455,-0.135712
16.7451,-0.135729
16.7447,-0.135745
16.7444,-0.135762
16.744,-0.135779
16.7436,-0.135794
16.7432,-0.135812
16.7428,-0.135827
16.7425,-0.135845
16.7421,-0.13586
16.7417,-0.13588
16.7413,-0.135893
16.7409,-0.135912
16.7405,-0.135926
16.7402,-0.135945
16.7398,-0.135958
16.7394,-0.135977
16.739,-0.135993
16.7386,-0.136011
16.7383,-0.136028
16.7379,-0.136044
16.7375,-0.13606
16.7371,-0.136075
16.7367,-0.136094
16.7363,-0.136112
16.736,-0.136126
16.7356,-0.136143
16.7352,-0.136163
16.7348,-0.136177
16.7344,-0.136198
16.734,-0.136213
16.7337,-0.136228
16.7333,-0.136245
16.7329,-0.136263
16.7325,-0.136279
16.7321,-0.136295
16.7318,-0.136313
16.7314,-0.136331
16.731,-0.136346
16.7306,-0.136363
16.7302,-0.136382
16.7298,-0.136397
16.7295,-0.136416
16.7291,-0.136433
16.7287,-0.136451
16.7283,-0.136466
16.7279,-0.136484
16.7275,-0.1365
16.7272,-0.136518
16.7268,-0.136534
16.7264,-0.136551
16.726,-0.13657
16.7256,-0.136585
16.7253,-0.136604
16.7249,-0.136621
16.7245,-0.136636
16.7241,-0.136655
16.7237,-0.136672
16.7233,-0.136689
16.7229,-0.136708
16.7226,-0.136724
16.7222,-0.136741
16.7218,-0.13676
16.7214,-0.136777
16.721,-0.136795
16.7207,-0.136811
16.7203,-0.13683
16.7199,-0.136846
16.7195,-0.136863
16.7191,-0.13688
16.7187,-0.136899
16.7184,-0.136918
16.718,-0.136929
16.7176,-0.136947
16.7172,-0.13697
16.7169,-0.13699
16.7164,-0.137017
16.7161,-0.13704
16.7157,-0.137062
16.7153,-0.137085
16.7149,-0.137108
16.7145,-0.13713
16.7142,-0.137152
16.7138,-0.137174
16.7134,-0.137196
16.713,-0.137217
16.7126,-0.137239
16.7122,-0.137261
16.7119,-0.137282
16.7115,-0.137303
16.7111,-0.137324
16.7107,-0.137347
16.7103,-0.137368
16.71,-0.137387
16.7096,-0.137411
16.7092,-0.13743
16.7088,-0.13745
16.7084,-0.137469
16.708,-0.13749
16.7077,-0.137512
16.7073,-0.137533
16.7069,-0.137553
16.7065,-0.137571
16.7062,-0.137591
16.7058,-0.137611
16.7054,-0.137631
16.705,-0.13765
16.7046,-0.137669
16.7043,-0.137688
16.7039,-0.137707
16.7035,-0.137727
16.7031,-0.137744
16.7027,-0.137764
16.7024,-0.137781
16.702,-0.137806
16.7016,-0.137815
16.7012,-0.137838
16.7009,-0.137855
16.7005,-0.137873
16.7001,-0.137893
16.6997,-0.13791
16.6993,-0.137928
16.699,-0.137944
16.6986,-0.137962
16.6982,-0.137982
16.6978,-0.137997
16.6974,-0.138023
16.6971,-0.138034
16.6967,-0.138047
16.6963,-0.138057
16.6959,-0.138068
16.6956,-0.138081
16.6952,-0.138091
16.6948,-0.138104
16.6944,-0.138116
16.694,-0.138127
16.6937,-0.138136
16.6933,-0.13815
16.6929,-0.138161
16.6926,-0.138172
16.6922,-0.138184
16.6918,-0.138198
16.6914,-0.13821
16.691,-0.13822
16.6907,-0.138232
16.6903,-0.138243
16.6899,-0.138255
16.6895,-0.138267
16.6891,-0.13828
16.6888,-0.138292
16.6884,-0.138303
16.688,-0.138315
16.6876,-0.138327
16.6873,-0.13834
16.6869,-0.138351
16.6865,-0.138364
16.6861,-0.138373
16.6857,-0.138387
16.6854,-0.138399
16.685,-0.13841
16.6846,-0.138424
16.6842,-0.138435
16.6839,-0.138448
16.6835,-0.138462
16.6831,-0.138473
16.6827,-0.138485
16.6823,-0.138495
16.682,-0.13851
16.6816,-0.138523
16.6812,-0.138534
16.6808,-0.138548
16.6805,-0.138559
16.6801,-0.138572
16.6797,-0.138585
16.6793,-0.138598
16.6789,-0.138611
16.6786,-0.138622
16.6782,-0.138635
16.6778,-0.138646
16.6775,-0.13866
16.6771,-0.138674
16.6767,-0.138685
16.6763,-0.138698
16.6759,-0.13871
16.6755,-0.138723
16.6752,-0.138736
16.6748,-0.138749
16.6744,-0.138762
16.674,-0.138779
16.6737,-0.138788
16.6733,-0.138802
16.6729,-0.138814
16.6725,-0.138828
16.6721,-0.138838
16.6718,-0.138852
16.6714,-0.138866
16.671,-0.138879
16.6706,-0.138891
16.6702,-0.138906
16.6699,-0.138916
16.6695,-0.138929
16.6691,-0.138945
16.6687,-0.138958
16.6684,-0.13897
16.668,-0.138984
16.6676,-0.138996
16.6672,-0.139012
16.6668,-0.139022
16.6665,-0.139038
16.6661,-0.139051
16.6657,-0.139066
16.6653,-0.139077
16.6649,-0.139089
16.6646,-0.139104
16.6642,-0.139117
16.6638,-0.13913
16.6634,-0.139144
16.6631,-0.139158
16.6627,-0.139172
16.6623,-0.139185
16.6619,-0.139197
16.6615,-0.139212
16.6612,-0.139225
16.6608,-0.139239
16.6604,-0.139253
16.66,-0.139268
16.6596,-0.139279
16.6593,-0.139295
16.6589,-0.139307
16.6585,-0.139321
16.6581,-0.139334
16.6577,-0.139348
16.6574,-0.139363
16.657,-0.139376
16.6566,-0.13939
16.6562,-0.139405
16.6558,-0.139417
16.6555,-0.139432
16.6551,-0.139446
16.6547,-0.139459
16.6543,-0.139475
16.654,-0.139488
16.6536,-0.139505
16.6532,-0.139518
16.6528,-0.139531
16.6524,-0.139545
16.6521,-0.139558
16.6517,-0.139574
16.6513,-0.139588
16.6509,-0.139601
16.6505,-0.139614
16.6501,-0.139631
16.6498,-0.139644
16.6494,-0.139659
16.649,-0.139673
16.6486,-0.139687
16.6483,-0.139704
16.6479,-0.139717
16.6475,-0.139731
16.6471,-0.139744
16.6467,-0.139756
16.6464,-0.139774
16.646,-0.13979
16.6456,-0.139803
16.6452,-0.139817
16.6448,-0.139832
16.6445,-0.139848
16.6441,-0.13986
16.6437,-0.139874
16.6433,-0.13989
16.6429,-0.139904
16.6426,-0.13992
16.6422,-0.139933
16.6418,-0.139948
16.6414,-0.139963
16.641,-0.139979
16.6407,-0.139993
16.6403,-0.140008
16.6399,-0.140022
16.6395,-0.140037
16.6391,-0.140053
16.6388,-0.140068
16.6384,-0.140082
16.638,-0.140095
16.6376,-0.140111
16.6372,-0.140126
16.6369,-0.140142
16.6365,-0.140156
16.6361,-0.140172
16.6357,-0.140187
16.6353,-0.140203
16.635,-0.140216
16.6346,-0.140231
16.6342,-0.140247
16.6338,-0.140261
16.6334,-0.140276
16.6331,-0.140291
16.6327,-0.140307
16.6323,-0.140323
16.6319,-0.140337
16.6315,-0.140353
16.6312,-0.140368
16.6308,-0.140384
16.6304,-0.140399
16.63,-0.140415
16.6296,-0.140431
16.6292,-0.140445
16.6289,-0.140461
16.6285,-0.140476
16.6281,-0.14049
16.6277,-0.140506
16.6273,-0.140522
16.627,-0.140537
16.6266,-0.140553
16.6262,-0.140567
16.6258,-0.140583
16.6254,-0.140597
16.6251,-0.140612
16.6247,-0.140629
16.6243,-0.140647
16.6239,-0.14066
16.6235,-0.140677
16.6231,-0.140691
16.6228,-0.140708
16.6224,-0.140722
16.622,-0.140742
16.6216,-0.140755
16.6212,-0.14077
16.6209,-0.140787
16.6205,-0.140802
16.6201,-0.140819
16.6197,-0.140834
16.6193,-0.14085
16.619,-0.140867
16.6186,-0.140881
16.6182,-0.140899
16.6178,-0.140914
16.6174,-0.140929
16.6171,-0.140944
16.6167,-0.14096
16.6163,-0.140978
16.6159,-0.140994
16.6155,-0.14101
16.6151,-0.141026
16.6147,-0.141042
16.6144,-0.141057
16.614,-0.141074
16.6136,-0.14109
16.6132,-0.141106
16.6129,-0.141123
16.6125,-0.141138
16.6121,-0.141154
16.6117,-0.14117
16.6113,-0.141186
16.611,-0.141202
16.6106,-0.141219
16.6102,-0.141234
16.6098,-0.141253
16.6094,-0.141267
16.609,-0.141285
16.6087,-0.1413
16.6083,-0.141316
16.6079,-0.141334
16.6075,-0.141348
16.6071,-0.141366
16.6068,-0.141381
16.6064,-0.1414
16.606,-0.141416
16.6056,-0.14143
16.6052,-0.141447
16.6048,-0.141467
16.6045,-0.14148
16.6041,-0.141496
16.6037,-0.141513
16.6033,-0.14153
16.6029,-0.141547
16.6026,-0.141564
16.6022,-0.141579
16.6018,-0.141598
16.6014,-0.141614
16.601,-0.141628
16.6006,-0.141646
16.6002,-0.141664
16.5999,-0.141679
16.5995,-0.141696
16.5991,-0.141715
16.5987,-0.14173
16.5983,-0.141747
16.598,-0.141761
16.5976,-0.14178
16.5972,-0.141796
16.5968,-0.141817
16.5964,-0.141832
16.596,-0.14185
16.5957,-0.141864
16.5953,-0.141883
16.5949,-0.141899
16.5945,-0.141916
16.5941,-0.141933
16.5938,-0.141948
16.5934,-0.141966
16.593,-0.141985
16.5926,-0.142001
16.5922,-0.142017
16.5918,-0.142035
16.5915,-0.14205
16.5911,-0.142069
16.5907,-0.142083
16.5903,-0.142102
16.5899,-0.142121
16.5896,-0.142137
16.5892,-0.142154
16.5888,-0.14217
16.5884,-0.14219
16.588,-0.142205
16.5876,-0.142224
16.5873,-0.142241
16.5869,-0.142257
16.5865,-0.142274
16.5861,-0.142292
16.5857,-0.14231
16.5853,-0.142326
16.585,-0.142345
16.5846,-0.142361
16.5842,-0.142378
16.5838,-0.142396
16.5834,-0.142413
16.5831,-0.14243
16.5827,-0.14245
16.5823,-0.142467
16.5819,-0.142483
16.5815,-0.142501
16.5811,-0.14252
16.5808,-0.142536
16.5804,-0.142552
16.58,-0.142565
16.5796,-0.142587
16.5792,-0.142612
16.5788,-0.142633
16.5784,-0.142657
16.5781,-0.14268
16.5777,-0.142702
16.5773,-0.142725
16.5769,-0.142746
16.5765,-0.14277
16.5762,-0.14279
16.5758,-0.142814
16.5754,-0.142836
16.575,-0.142855
16.5746,-0.142878
16.5743,-0.1429
16.5739,-0.142921
16.5735,-0.142943
16.5731,-0.142964
16.5727,-0.142984
16.5723,-0.143008
16.572,-0.143026
16.5716,-0.143048
16.5712,-0.143069
16.5708,-0.143089
16.5704,-0.143104
16.5701,-0.143129
16.5697,-0.143149
16.5693,-0.14317
16.5689,-0.14319
16.5685,-0.143208
16.5681,-0.143228
16.5678,-0.143249
16.5674,-0.143269
16.567,-0.143289
16.5666,-0.143305
16.5663,-0.143326
16.5659,-0.143346
16.5655,-0.143362
16.5651,-0.143383
16.5648,-0.143402
16.5644,-0.143419
16.564,-0.14344
16.5636,-0.143458
16.5632,-0.143475
16.5629,-0.143494
16.5625,-0.143509
16.5621,-0.143528
16.5617,-0.143547
16.5613,-0.143566
16.561,-0.143583
16.5606,-0.143601
16.5602,-0.143619
16.5598,-0.143637
16.5595,-0.143655
16.5591,-0.143668
16.5587,-0.143678
16.5583,-0.14369
16.558,-0.143701
16.5576,-0.143714
16.5572,-0.143724
16.5568,-0.143735
16.5564,-0.143747
16.5561,-0.143761
16.5557,-0.14377
16.5553,-0.143783
16.5549,-0.143796
16.5545,-0.143807
16.5542,-0.143818
16.5538,-0.14383
16.5534,-0.143842
16.553,-0.143855
16.5527,-0.143865
16.5523,-0.143878
16.5519,-0.143889
16.5516,-0.143897
16.5512,-0.143912
16.5508,-0.143925
16.5504,-0.143937
16.55,-0.143949
16.5497,-0.143959
16.5493,-0.143972
16.5489,-0.143984
16.5485,-0.144002
16.5481,-0.144007
16.5478,-0.144021
16.5474,-0.144038
16.547,-0.144047
16.5466,-0.144055
16.5463,-0.144068
16.5459,-0.144082
16.5455,-0.144094
16.5451,-0.144109
16.5447,-0.144119
16.5444,-0.14413
16.544,-0.144144
16.5436,-0.144155
16.5432,-0.144169
16.5429,-0.144181
16.5425,-0.144193
16.5421,-0.144207
16.5417,-0.144218
16.5413,-0.14423
16.541,-0.144243
16.5406,-0.144259
16.5402,-0.144268
16.5398,-0.144281
16.5395,-0.144293
16.5391,-0.144308
16.5387,-0.144318
16.5383,-0.144331
16.5379,-0.144345
16.5376,-0.144359
16.5372,-0.144368
16.5368,-0.144382
16.5364,-0.144395
16.536,-0.14441
16.5357,-0.14442
16.5353,-0.144433
16.5349,-0.144447
16.5345,-0.14446
16.5341,-0.144475
16.5338,-0.144485
16.5334,-0.1445
16.533,-0.144514
16.5326,-0.144526
16.5323,-0.144539
16.5319,-0.144552
16.5315,-0.144565
16.5311,-0.144577
16.5307,-0.144594
16.5304,-0.144603
16.53,-0.144618
16.5296,-0.144632
16.5292,-0.144644
16.5289,-0.144657
16.5285,-0.144671
16.5281,-0.144685
16.5277,-0.144697
16.5273,-0.144712
16.5269,-0.144725
16.5266,-0.144738
16.5262,-0.144752
16.5258,-0.144765
16.5254,-0.144778
16.5251,-0.14479
16.5247,-0.144805
16.5243,-0.14482
16.5239,-0.144832
16.5236,-0.144846
16.5232,-0.144858
16.5228,-0.144874
16.5224,-0.144888
16.522,-0.144902
16.5217,-0.144914
16.5213,-0.144927
16.5209,-0.144944
16.5205,-0.144957
16.5201,-0.144969
16.5197,-0.144985
16.5194,-0.144997
16.519,-0.145013
16.5186,-0.145025
16.5182,-0.145037
16.5179,-0.145052
16.5175,-0.145068
16.5171,-0.14508
16.5167,-0.145096
16.5163,-0.145108
16.516,-0.145123
16.5156,-0.145137
16.5152,-0.145151
16.5148,-0.145166
16.5144,-0.145179
16.5141,-0.145193
16.5137,-0.145207
16.5133,-0.145223
16.5129,-0.145236
16.5126,-0.14525
16.5122,-0.145266
16.5118,-0.145279
16.5114,-0.145294
16.511,-0.145307
16.5107,-0.145319
16.5103,-0.145336
16.5099,-0.145351
16.5095,-0.145366
16.5091,-0.145381
16.5088,-0.145394
16.5084,-0.145407
16.508,-0.145421
16.5076,-0.145438
16.5072,-0.145452
16.5069,-0.145465
16.5065,-0.145482
16.5061,-0.145496
16.5057,-0.145511
16.5053,-0.145525
16.5049,-0.145541
16.5046,-0.145553
16.5042,-0.14557
16.5038,-0.145584
16.5034,-0.145598
16.503,-0.145613
16.5027,-0.145629
16.5023,-0.145643
16.5019,-0.145657
16.5015,-0.145675
16.5012,-0.145685
16.5008,-0.145702
16.5004,-0.145718
16.5,-0.145731
16.4996,-0.145746
16.4993,-0.145761
16.4989,-0.145777
16.4985,-0.145791
16.4981,-0.145807
16.4977,-0.145821
16.4973,-0.145838
16.497,-0.145852
16.4966,-0.145867
16.4962,-0.145884
16.4958,-0.145896
16.4954,-0.145912
16.4951,-0.145927
16.4947,-0.145942
16.4943,-0.145956
16.4939,-0.145974
16.4935,-0.145989
16.4932,-0.146003
16.4928,-0.146018
16.4924,-0.146035
16.492,-0.14605
16.4916,-0.146064
16.4912,-0.146081
16.4909,-0.146096
16.4905,-0.146112
16.4901,-0.146126
16.4897,-0.146142
16.4894,-0.146157
16.489,-0.146172
16.4886,-0.146189
16.4882,-0.146203
16.4878,-0.146218
16.4875,-0.146236
16.4871,-0.146248
16.4867,-0.146265
16.4863,-0.146281
16.4859,-0.146298
16.4855,-0.146311
16.4852,-0.14633
16.4848,-0.146344
16.4844,-0.146359
16.484,-0.146376
16.4836,-0.146391
16.4833,-0.146407
16.4829,-0.146422
16.4825,-0.146438
16.4821,-0.146455
16.4817,-0.146469
16.4814,-0.146486
16.481,-0.146503
16.4806,-0.146517
16.4802,-0.146533
16.4798,-0.146547
16.4794,-0.146564
16.4791,-0.146582
16.4787,-0.146597
16.4783,-0.146613
16.4779,-0.146628
16.4775,-0.146644
16.4772,-0.146661
16.4768,-0.146677
16.4764,-0.146695
16.476,-0.146709
16.4756,-0.146726
16.4753,-0.146742
16.4749,-0.146762
16.4745,-0.146773
16.4741,-0.14679
16.4737,-0.146808
16.4733,-0.146821
16.473,-0.146837
16.4726,-0.146853
16.4722,-0.14687
16.4718,-0.146887
16.4714,-0.146904
16.4711,-0.146921
16.4707,-0.146937
16.4703,-0.146952
16.4699,-0.146969
16.4695,-0.146985
16.4691,-0.147001
16.4688,-0.147018
16.4684,-0.147035
16.468,-0.14705
16.4676,-0.147069
16.4672,-0.147084
16.4669,-0.147098
16.4665,-0.147117
16.4661,-0.147135
16.4657,-0.14715
16.4653,-0.147166
16.4649,-0.147184
16.4646,-0.147198
16.4642,-0.147216
16.4638,-0.147232
16.4634,-0.14725
16.4631,-0.147265
16.4627,-0.147283
16.4623,-0.147296
16.4619,-0.147316
16.4615,-0.147333
16.4611,-0.147349
16.4607,-0.147366
16.4604,-0.147383
16.46,-0.1474
16.4596,-0.147417
16.4592,-0.147434
16.4588,-0.147451
16.4584,-0.147468
16.4581,-0.147485
16.4577,-0.147502
16.4573,-0.147518
16.4569,-0.147537
16.4565,-0.147552
16.4562,-0.14757
16.4558,-0.147586
16.4554,-0.147603
16.455,-0.14762
16.4546,-0.147637
16.4542,-0.147653
16.4539,-0.147671
16.4535,-0.14769
16.4531,-0.147706
16.4527,-0.147723
16.4523,-0.147739
16.452,-0.147757
16.4516,-0.147774
16.4512,-0.14779
16.4508,-0.147808
16.4504,-0.147824
16.45,-0.147843
16.4497,-0.147861
16.4493,-0.147877
16.4489,-0.147895
16.4485,-0.147911
16.4481,-0.147931
16.4477,-0.147944
16.4474,-0.147963
16.447,-0.14798
16.4466,-0.147998
16.4462,-0.148018
16.4458,-0.148033
16.4454,-0.14805
16.4451,-0.148068
16.4447,-0.148086
16.4443,-0.148105
16.4439,-0.148121
16.4435,-0.148137
16.4432,-0.148155
16.4428,-0.148172
16.4424,-0.148183
16.442,-0.148206
16.4416,-0.148228
16.4412,-0.148251
16.4409,-0.148275
16.4405,-0.148297
16.4401,-0.148317
16.4397,-0.148342
16.4393,-0.148364
16.4389,-0.148386
16.4386,-0.148409
16.4382,-0.148429
16.4378,-0.148451
16.4374,-0.148474
16.437,-0.148495
16.4366,-0.148518
16.4363,-0.148539
16.4359,-0.148561
16.4355,-0.148582
16.4351,-0.148602
16.4347,-0.148623
16.4344,-0.148644
16.434,-0.148666
16.4336,-0.148687
16.4332,-0.148708
16.4328,-0.148727
16.4325,-0.148748
16.4321,-0.148768
16.4317,-0.148787
16.4313,-0.148807
16.4309,-0.148828
16.4306,-0.148848
16.4302,-0.148867
16.4298,-0.148887
16.4294,-0.148908
16.429,-0.148924
16.4287,-0.148944
16.4283,-0.148963
16.4279,-0.148984
16.4275,-0.148999
16.4272,-0.149017
16.4268,-0.14904
16.4264,-0.149054
16.426,-0.149075
16.4256,-0.149093
16.4253,-0.149114
16.4249,-0.149129
16.4245,-0.149149
16.4241,-0.149165
16.4237,-0.149184
16.4234,-0.149201
16.423,-0.14922
16.4226,-0.149236
16.4222,-0.149252
16.4218,-0.149276
16.4215,-0.149291
16.4211,-0.1493
16.4207,-0.149313
16.4203,-0.149323
16.42,-0.149335
16.4196,-0.149346
16.4192,-0.149357
16.4188,-0.149368
16.4185,-0.14938
16.4181,-0.149393
16.4177,-0.149405
16.4173,-0.149416
16.4169,-0.149427
16.4166,-0.14944
16.4162,-0.149449
16.4158,-0.149463
16.4154,-0.149476
16.4151,-0.149486
16.4147,-0.149497
16.4143,-0.149509
16.4139,-0.149523
16.4136,-0.149535
16.4132,-0.149545
16.4128,-0.14956
16.4124,-0.14957
16.412,-0.149582
16.4117,-0.149594
16.4113,-0.149606
16.4109,-0.149617
16.4105,-0.149631
16.4102,-0.149643
16.4098,-0.149653
16.4094,-0.149654
16.409,-0.149677
16.4086,-0.149692
16.4083,-0.149703
16.4079,-0.149715
16.4075,-0.149729
16.4071,-0.14974
16.4068,-0.149753
16.4064,-0.149764
16.406,-0.149778
16.4056,-0.149789
16.4052,-0.149801
16.4049,-0.149815
16.4045,-0.149828
16.4041,-0.149839
16.4037,-0.149852
16.4034,-0.149864
16.403,-0.149878
16.4026,-0.149888
16.4022,-0.149903
16.4018,-0.149914
16.4014,-0.149929
16.4011,-0.149944
16.4007,-0.149953
16.4003,-0.149964
16.4,-0.14998
16.3996,-0.149991
16.3992,-0.150004
16.3988,-0.150017
16.3984,-0.150029
16.3981,-0.150043
16.3977,-0.150054
16.3973,-0.150069
16.3969,-0.150081
16.3965,-0.150094
16.3962,-0.150108
16.3958,-0.150121
16.3954,-0.150135
16.395,-0.15015
16.3946,-0.150162
16.3943,-0.150172
16.3939,-0.150186
16.3935,-0.1502
16.3931,-0.150213
16.3928,-0.150213
16.3924,-0.150239
16.392,-0.150252
16.3916,-0.150264
16.3912,-0.150279
16.3909,-0.150293
16.3905,-0.150307
16.3901,-0.150317
16.3897,-0.150332
16.3894,-0.150347
16.389,-0.15036
16.3886,-0.150373
16.3882,-0.150385
16.3878,-0.150401
16.3875,-0.150412
16.3871,-0.150427
16.3867,-0.15044
16.3863,-0.150451
16.3859,-0.150468
16.3855,-0.15048
16.3852,-0.150494
16.3848,-0.150509
16.3844,-0.150521
16.384,-0.150535
16.3837,-0.150549
16.3833,-0.150564
16.3829,-0.150577
16.3825,-0.150591
16.3822,-0.15061
16.3818,-0.15062
16.3814,-0.150633
16.381,-0.150645
16.3806,-0.150661
16.3803,-0.150673
16.3799,-0.150687
16.3795,-0.150703
16.3791,-0.150714
16.3787,-0.150732
16.3784,-0.150743
16.378,-0.150757
16.3776,-0.150772
16.3772,-0.150785
16.3768,-0.150799
16.3765,-0.150813
16.3761,-0.15083
16.3757,-0.150843
16.3753,-0.150858
16.3749,-0.150872
16.3745,-0.150886
16.3742,-0.1509
16.3738,-0.150913
16.3734,-0.150927
16.373,-0.150943
16.3727,-0.150956
16.3723,-0.150971
16.3719,-0.150987
16.3715,-0.151
16.3711,-0.151016
16.3708,-0.151031
16.3704,-0.151044
16.37,-0.151057
16.3696,-0.151072
16.3692,-0.151086
16.3689,-0.151101
16.3685,-0.151116
16.3681,-0.15113
16.3677,-0.151145
16.3673,-0.15116
16.367,-0.151174
16.3666,-0.151191
16.3662,-0.151204
16.3658,-0.151218
16.3654,-0.151234
16.3651,-0.151248
16.3647,-0.151263
16.3643,-0.151278
16.3639,-0.151294
16.3636,-0.151307
16.3632,-0.151323
16.3628,-0.151338
16.3624,-0.151352
16.362,-0.151368
16.3616,-0.151382
16.3612,-0.151398
16.3609,-0.151412
16.3605,-0.151427
16.3601,-0.151443
16.3597,-0.151457
16.3594,-0.151472
16.359,-0.151487
16.3586,-0.151502
16.3583,-0.151515
16.3578,-0.151532
16.3575,-0.151548
16.3571,-0.151563
16.3567,-0.151575
16.3563,-0.151592
16.3559,-0.15161
16.3556,-0.151625
16.3552,-0.151639
16.3548,-0.151654
16.3544,-0.15167
16.354,-0.151683
16.3536,-0.1517
16.3533,-0.151717
16.3529,-0.15173
16.3525,-0.151746
16.3522,-0.15176
16.3517,-0.151777
16.3513,-0.151792
16.351,-0.151808
16.3506,-0.151823
16.3502,-0.151838
16.3498,-0.151855
16.3495,-0.151871
16.3491,-0.151886
16.3487,-0.151902
16.3483,-0.151916
16.3479,-0.151932
16.3476,-0.151947
16.3472,-0.151964
16.3468,-0.151979
16.3464,-0.151995
16.346,-0.152014
16.3457,-0.152025
16.3453,-0.152042
16.3449,-0.152057
16.3445,-0.152074
16.3441,-0.15209
16.3437,-0.152105
16.3434,-0.152121
16.343,-0.152137
16.3426,-0.152154
16.3422,-0.152169
16.3418,-0.152185
16.3415,-0.152202
16.3411,-0.152217
16.3407,-0.152233
16.3403,-0.152249
16.3399,-0.152265
16.3396,-0.15228
16.3392,-0.152299
16.3388,-0.152313
16.3384,-0.152329
16.338,-0.152345
16.3376,-0.15236
16.3373,-0.152378
16.3369,-0.152393
16.3365,-0.152409
16.3361,-0.152425
16.3357,-0.152444
16.3354,-0.152458
16.335,-0.152475
16.3346,-0.152491
16.3342,-0.152509
16.3338,-0.152522
16.3335,-0.152539
16.3331,-0.152555
16.3327,-0.152572
16.3323,-0.152588
16.3319,-0.152604
16.3315,-0.15262
16.3312,-0.152637
16.3308,-0.152654
16.3304,-0.152669
16.33,-0.152689
16.3296,-0.152704
16.3293,-0.152719
16.3289,-0.152736
16.3285,-0.152752
16.3281,-0.152769
16.3277,-0.152784
16.3273,-0.152804
16.327,-0.152819
16.3266,-0.152836
16.3262,-0.152854
16.3258,-0.152869
16.3254,-0.152886
16.3251,-0.1529
16.3247,-0.152918
16.3243,-0.152936
16.3239,-0.152953
16.3235,-0.152969
16.3231,-0.152986
16.3228,-0.153003
16.3224,-0.153019
16.322,-0.153037
16.3216,-0.153053
16.3212,-0.15307
16.3208,-0.153087
16.3205,-0.153105
16.3201,-0.153122
16.3197,-0.153138
16.3193,-0.153152
16.3189,-0.153172
16.3186,-0.153189
16.3182,-0.153205
16.3178,-0.153222
16.3174,-0.153239
16.317,-0.153257
16.3166,-0.153274
16.3163,-0.15329
16.3159,-0.153307
16.3155,-0.153325
16.3151,-0.153342
16.3147,-0.153359
16.3143,-0.153376
16.314,-0.153392
16.3136,-0.153412
16.3132,-0.153427
16.3128,-0.153444
16.3124,-0.153461
16.3121,-0.153479
16.3117,-0.153499
16.3113,-0.153513
16.3109,-0.153531
16.3105,-0.153547
16.3101,-0.153565
16.3098,-0.153583
16.3094,-0.153601
16.309,-0.153616
16.3086,-0.153635
16.3082,-0.153651
16.3078,-0.153669
16.3075,-0.153688
16.3071,-0.153705
16.3067,-0.153721
16.3063,-0.15374
16.3059,-0.153757
16.3055,-0.153774
16.3052,-0.153791
16.3048,-0.153806
16.3044,-0.153822
16.304,-0.153844
16.3036,-0.153868
16.3032,-0.15389
16.3029,-0.153913
16.3025,-0.153937
16.3021,-0.15396
16.3017,-0.15398
16.3013,-0.154004
16.301,-0.154025
16.3006,-0.154046
16.3002,-0.154069
16.2998,-0.154093
16.2994,-0.154113
16.299,-0.154135
16.2987,-0.154153
16.2983,-0.154178
16.2979,-0.1542
16.2975,-0.15422
16.2971,-0.154241
16.2967,-0.15426
16.2964,-0.154283
16.296,-0.154296
16.2956,-0.154326
16.2952,-0.154345
16.2949,-0.154365
16.2945,-0.154387
16.2941,-0.154405
16.2937,-0.154425
16.2933,-0.154446
16.2929,-0.154464
16.2926,-0.154485
16.2922,-0.154504
16.2918,-0.154525
16.2914,-0.154544
16.2911,-0.154563
16.2907,-0.154583
16.2903,-0.154603
16.2899,-0.154621
16.2895,-0.154639
16.2892,-0.154657
16.2888,-0.154677
16.2884,-0.154695
16.288,-0.154714
16.2876,-0.154733
16.2873,-0.154749
16.2869,-0.154769
16.2865,-0.154785
16.2861,-0.154802
16.2857,-0.15482
16.2854,-0.154838
16.285,-0.154855
16.2846,-0.154874
16.2842,-0.154896
16.2839,-0.154911
16.2835,-0.154924
16.2831,-0.154935
16.2827,-0.154945
16.2824,-0.154957
16.282,-0.154969
16.2816,-0.15498
16.2812,-0.154996
16.2808,-0.155004
16.2805,-0.155014
16.2801,-0.155027
16.2797,-0.155038
16.2793,-0.155048
16.279,-0.155061
16.2786,-0.155072
16.2782,-0.155085
16.2778,-0.155097
16.2775,-0.155108
16.2771,-0.15512
16.2767,-0.155132
16.2763,-0.155144
16.2759,-0.155156
16.2756,-0.155168
16.2752,-0.155179
16.2748,-0.155192
16.2744,-0.155203
16.2741,-0.155216
16.2737,-0.155227
16.2733,-0.155238
16.2729,-0.155252
16.2725,-0.155266
16.2722,-0.155275
16.2718,-0.155288
16.2714,-0.1553
16.271,-0.155312
16.2707,-0.155324
16.2703,-0.155338
16.2699,-0.155349
16.2695,-0.155361
16.2691,-0.155374
16.2688,-0.155385
16.2684,-0.155398
16.268,-0.15541
16.2676,-0.155424
16.2673,-0.155438
16.2669,-0.15545
16.2665,-0.155462
16.2661,-0.155473
16.2657,-0.155484
16.2654,-0.155496
16.265,-0.155512
16.2646,-0.155524
16.2642,-0.155538
16.2639,-0.155548
16.2635,-0.155563
16.2631,-0.155575
16.2627,-0.155588
16.2623,-0.155599
16.262,-0.155612
16.2616,-0.155626
16.2612,-0.155638
16.2608,-0.15565
16.2605,-0.155663
16.2601,-0.155676
16.2597,-0.15569
16.2593,-0.155701
16.2589,-0.155717
16.2586,-0.155728
16.2582,-0.155742
16.2578,-0.155755
16.2575,-0.155765
16.257,-0.155781
16.2567,-0.155795
16.2563,-0.155808
16.2559,-0.15582
16.2555,-0.155833
16.2552,-0.155845
16.2548,-0.15586
16.2544,-0.155874
16.254,-0.155887
16.2536,-0.155898
16.2533,-0.155914
16.2529,-0.155926
16.2525,-0.155939
16.2521,-0.155952
16.2517,-0.155965
16.2514,-0.15598
16.251,-0.155994
16.2506,-0.156006
16.2502,-0.156021
16.2499,-0.156034
16.2495,-0.156047
16.2491,-0.156062
16.2487,-0.156074
16.2483,-0.156088
16.248,-0.156102
16.2476,-0.156115
16.2472,-0.156129
16.2468,-0.156142
16.2464,-0.156156
16.2461,-0.156169
16.2457,-0.156183
16.2453,-0.156198
16.2449,-0.156211
16.2445,-0.156226
16.2442,-0.156238
16.2438,-0.156254
16.2434,-0.156266
16.243,-0.156281
16.2426,-0.156294
16.2423,-0.156309
16.2419,-0.156323
16.2415,-0.156337
16.2411,-0.156351
16.2408,-0.156366
16.2404,-0.156379
16.24,-0.156392
16.2396,-0.156407
16.2392,-0.156421
16.2389,-0.156435
16.2385,-0.156449
16.2381,-0.156464
16.2377,-0.156476
16.2373,-0.156493
16.237,-0.156506
16.2366,-0.156521
16.2362,-0.156536
16.2358,-0.156549
16.2354,-0.156564
16.2351,-0.156577
16.2347,-0.156591
16.2343,-0.156606
16.2339,-0.15662
16.2335,-0.156634
16.2332,-0.156648
16.2328,-0.156663
16.2324,-0.156679
16.232,-0.156693
16.2316,-0.156707
16.2313,-0.156721
16.2309,-0.156738